,StartDate,EndDate,Status,IPAddress,Progress,Duration (in seconds),Finished,RecordedDate,ResponseId,RecipientLastName,RecipientFirstName,RecipientEmail,ExternalReference,LocationLatitude,LocationLongitude,DistributionChannel,UserLanguage,Q1,Q1_8_TEXT,Q2,Q3,Q4,Q4_6_TEXT,Q5,Q5_7_TEXT,Q6,Q6_6_TEXT,Q7,Q8,Q9,Q10,Q11,Q12,Q13,Q14,Q15,Q16,Q16_9_TEXT,Q17,Q18,Q19,Q19_12_TEXT,Q20,Q21,Q22_1,Q22_2,Q22_3,Q22_4,Q22_5,Q22_6,Q22_7,Q22_8,Any Questions? ,Q3 - Topics,Q3 - Parent Topics,Q3 - Topic Hierarchy Level 1
1,2024-10-28 05:52:43,2024-10-28 06:18:46,IP Address,195.176.113.108,100,1563,True,2024-10-28 06:18:47.196000,R_2Hzv2Bbu2E24FjY,,,,,47.3857,8.5348,anonymous,EN,Asia,,Female,,PhD,,"Sciences (Biology, Chemistry, Physics)",,Atheists,,Urban / City,1,"mRNA (e.g., Pfizer, Moderna)",No,Very important,"Yes, I believe they are generally safe",4,"yes, positive before vaccination","Yes, fully vaccinated",,,,,,,Somewhat disagree,Strongly willing,1,3,2,4,5,6,7,8,,,,
2,2024-10-28 12:16:51,2024-10-28 12:19:06,IP Address,83.78.24.63,100,135,True,2024-10-28 12:19:07.207000,R_2m7XOE3XLdRT7tT,,,,,47.4197,8.5139,anonymous,EN,Europe,,Male,,Bachelor's Degree,,"Sciences (Biology, Chemistry, Physics)",,Atheists,,Suburban / Town,1,"mRNA (e.g., Pfizer, Moderna),Viral vector (e.g., AstraZeneca, Johnson & Johnson),Inactivated virus (e.g., Sinovac, Sinopharm),Not sure",No,Slightly important,It depends on the vaccine,1,"yes, positive before vaccination","No, not vaccinated",,,,,"Concerns about how quickly the vaccine was developed.,Concerns about potential side effects.,Low trust in pharmaceutical companies or government officials.,I did not feel I was at high risk of severe illness from COVID-19.,I wanted to wait for more research on long-term effects.",,Somewhat agree,Somewhat unwilling,2,3,4,5,1,6,7,8,,,,
3,2024-10-28 13:10:35,2024-10-28 13:28:19,IP Address,178.196.39.237,100,1064,True,2024-10-28 13:28:20.415000,R_8MlH0popDOF1B1A,,,,,47.3433,8.5394,anonymous,EN,Europe,,Male,,PhD,,Other,,Other,,Suburban / Town,1,Not sure,No,Very important,Definitely yes,3,"yes, positive before vaccination","Yes, fully vaccinated","Most people around me were getting vaccinated.,I live with or regularly interact with people in high-risk groups.",,immediatly,4,,,Strongly disagree,Strongly willing,1,3,2,4,5,6,7,8,,,,
4,2024-10-28 04:53:25,2024-10-28 06:39:30,IP Address,195.176.112.251,64,6364,False,2024-11-04 05:39:34.368000,R_2ocoOoIJXDKcugk,,,,,,,anonymous,EN,Africa,,Female,,Some College,,"Sciences (Biology, Chemistry, Physics)",,Atheists,,Urban / City,Oceania,Not sure,Prefer not say,Extremely important,"No, I believe they are generally unsafe",4,Never tested positive,"No, not vaccinated",,,,,,,,,,,,,,,,,,Unknown,,
5,2024-10-28 07:34:51,2024-10-28 07:36:50,IP Address,195.176.112.136,80,119,False,2024-11-04 06:36:56.086000,R_8PHzABWf82rVkBz,,,,,,,anonymous,EN,Asia,,Female,,Master's Degree,,"Sciences (Biology, Chemistry, Physics)",,Prefer not say,,Suburban / Town,Asia,"mRNA (e.g., Pfizer, Moderna)",No,Very important,"Yes, I believe they are generally safe",4,"yes, positive before vaccination","Yes, fully vaccinated",,,,,,,,,,,,,,,,,,Unknown,,
6,2024-10-28 07:38:45,2024-10-28 07:39:07,IP Address,195.176.112.199,80,21,False,2024-11-04 06:39:09.116000,R_2IYkiHaJKLieoVc,,,,,,,anonymous,EN,South America,,Female,,Some College,,"Sciences (Biology, Chemistry, Physics)",,Islam,,Suburban / Town,Asia,Not sure,No,Very important,"Yes, I believe they are generally safe",1,Never tested positive,"Yes, fully vaccinated",,,,,,,,,,,,,,,,,,Unknown,,
7,2024-10-28 07:40:14,2024-10-28 07:40:44,IP Address,195.176.112.199,92,29,False,2024-11-04 06:40:45.172000,R_2Qgu4VD7nNAGMLq,,,,,,,anonymous,EN,North America,,Female,,Some College,,"Sciences (Biology, Chemistry, Physics)",,Christianity,,Urban / City,Asia,"Viral vector (e.g., AstraZeneca, Johnson & Johnson)",No,Very important,I am unsure,3,Never tested positive,"Yes, partially vaccinated",,,,,,,Somewhat agree,Neither willing nor unwilling,2,4,5,3,1,6,7,8,,Unknown,,
8,2024-10-28 10:09:41,2024-10-28 10:14:19,IP Address,178.197.211.255,80,277,False,2024-11-04 09:14:24.868000,R_8Bmewlgl4QJvDO1,,,,,,,anonymous,EN,Asia,,Female,,PhD,,"Sciences (Biology, Chemistry, Physics)",,Atheists,,Urban / City,,"mRNA (e.g., Pfizer, Moderna)",No,Very important,"Yes, I believe they are generally safe",4,"yes, positive before vaccination","Yes, fully vaccinated","I believed the vaccine would be effective in preventing illness.,I wanted to return to normal activities.,I am in a high-risk group.,I live with or regularly interact with people in high-risk groups.",,immediatly,4,,,,,,,,,,,,,,Unknown,,
9,2024-10-29 12:24:06,2024-10-29 12:25:25,IP Address,83.78.24.63,92,79,False,2024-11-05 11:25:26.670000,R_2YhJQCUI9nzsfHX,,,,,,,anonymous,EN,Europe,,Prefer not to say,22,Vocational Education,,"Sciences (Biology, Chemistry, Physics)",,Islam,,Rural / Countryside,North America,"Inactivated virus (e.g., Sinovac, Sinopharm)",No,Very important,It depends on the vaccine,4,"yes, positive before vaccination","Yes, partially vaccinated",I am in a high-risk group.,,after a while,2,,,Neither agree nor disagree,Strongly willing,1,2,3,4,5,6,7,8,,Unknown,,
10,2024-11-01 02:09:20,2024-11-06 02:37:28,IP Address,195.176.112.35,100,437288,True,2024-11-06 02:37:29.499000,R_2D6YMUWdRxeTCRT,,,,,47.3989,8.4965,anonymous,EN,Europe,,Female,30,Master's Degree,,"Sciences (Biology, Chemistry, Physics)",,Islam,,Rural / Countryside,Europe(except Switzerland),"mRNA (e.g., Pfizer, Moderna)",Yes,Extremely important,"Yes, I believe they are generally safe",4,"yes, positive before vaccination","Yes, partially vaccinated","I believed the vaccine would be effective in preventing illness.,I wanted to return to normal activities.",,after a while,4,,,Neither agree nor disagree,Somewhat willing,1,2,7,8,5,4,3,6,,Unknown,,
11,2024-11-06 02:49:08,2024-11-06 02:51:47,IP Address,31.10.152.66,100,158,True,2024-11-06 02:51:48.029000,R_8QA9eeqW3stGbzZ,,,,,47.3503,8.5561,anonymous,EN,Europe,,Female,38,Master's Degree,,Engineering/Technology,,Other,,Urban / City,Switzerland,"mRNA (e.g., Pfizer, Moderna)",No,Moderately important,It depends on the vaccine,4,"yes, positive after vaccination","Yes, fully vaccinated",It was recommended by health professionals.,,immediatly,1,,,Somewhat agree,Strongly unwilling,2,5,1,4,3,6,7,8,,Unknown,,
12,2024-11-06 02:48:35,2024-11-06 02:52:34,IP Address,188.154.128.241,100,238,True,2024-11-06 02:52:34.959000,R_8oW7QpiNuy6ONhv,,,,,47.3444,8.7231,anonymous,EN,Asia,,Male,33,Master's Degree,,"Social Sciences (Psychology, Sociology)",,Atheists,,Rural / Countryside,Switzerland,"mRNA (e.g., Pfizer, Moderna),Viral vector (e.g., AstraZeneca, Johnson & Johnson)",No,Extremely important,"Yes, I believe they are generally safe",1,"yes, positive after vaccination","Yes, fully vaccinated","I believed the vaccine would be effective in preventing illness.,other",Felt to have a responsibility in the society in the way that if i try everything prevent getting ill therefore also prevent others to get ill,immediatly,5,,,Neither agree nor disagree,Strongly willing,1,4,6,5,7,2,3,8,,Unknown,,
13,2024-11-06 02:49:02,2024-11-06 03:00:14,IP Address,213.55.240.21,100,672,True,2024-11-06 03:00:15.255000,R_8mrC4trQqf5r6qm,,,,,47.3952,8.4925,anonymous,EN,Asia,,Female,33,Master's Degree,,Other,Law,Christianity,,Urban / City,Switzerland,Not sure,No,Extremely important,It depends on the vaccine,3,"yes, positive without vaccination","No, not vaccinated",,,,,"Concerns about potential side effects.,Low trust in pharmaceutical companies or government officials.,I did not feel I was at high risk of severe illness from COVID-19.,Doubts about the vaccine’s effectiveness.,Personal or religious beliefs against vaccination.",,Neither agree nor disagree,Somewhat unwilling,1,8,2,4,6,5,7,3,Last question is difficult to answer. Ticked it randomly as no of the options resonate to my beliefs. ,Unknown,,
14,2024-11-06 03:19:24,2024-11-06 03:23:23,IP Address,212.51.129.118,100,238,True,2024-11-06 03:23:24.278000,R_81POYdJS1kMxZkd,,,,,47.4243,8.5318,anonymous,EN,Europe,,Male,33,Master's Degree,,Engineering/Technology,,Christianity,,Rural / Countryside,Switzerland,"mRNA (e.g., Pfizer, Moderna),Viral vector (e.g., AstraZeneca, Johnson & Johnson)",No,Extremely important,"Yes, I believe they are generally safe",4,"yes, positive after vaccination","Yes, fully vaccinated","I wanted to return to normal activities.,I live with or regularly interact with people in high-risk groups.,I wanted to be able to travel.",,immediatly,4,,,Somewhat disagree,Somewhat willing,1,6,4,3,5,2,7,8,,Unknown,,
15,2024-11-06 03:29:35,2024-11-06 03:33:23,IP Address,138.190.89.106,100,227,True,2024-11-06 03:33:24.197000,R_87JrORcLQ6lJu8f,,,,,47.0517,8.3303,anonymous,EN,Europe,,Male,37,Master's Degree,,Engineering/Technology,,Christianity,,Suburban / Town,Switzerland,"mRNA (e.g., Pfizer, Moderna),Viral vector (e.g., AstraZeneca, Johnson & Johnson)",No,Extremely important,"Yes, I believe they are generally safe",5,Never tested positive,"Yes, fully vaccinated","I believed the vaccine would be effective in preventing illness.,It was recommended by health professionals.,I wanted to be able to travel.",,immediatly,3,,,Somewhat disagree,Somewhat willing,1,3,7,4,5,2,6,8,,Unknown,,
16,2024-11-06 03:36:50,2024-11-06 03:40:28,IP Address,194.230.144.118,100,217,True,2024-11-06 03:40:29.083000,R_2NqgXXjRvIXbMnD,,,,,47.4554,8.3296,anonymous,EN,Europe,,Female,39,Master's Degree,,Engineering/Technology,,Atheists,,Rural / Countryside,Switzerland,"mRNA (e.g., Pfizer, Moderna),Viral vector (e.g., AstraZeneca, Johnson & Johnson)",No,Very important,"Yes, I believe they are generally safe",3,Never tested positive,"Yes, fully vaccinated","I believed the vaccine would be effective in preventing illness.,I wanted to return to normal activities.,It was recommended by health professionals.,I wanted to be able to travel.",,immediatly,3,,,Somewhat agree,Strongly willing,1,2,6,7,5,3,4,8,,Unknown,,
17,2024-11-06 04:53:10,2024-11-06 04:57:55,IP Address,85.1.20.67,100,285,True,2024-11-06 04:57:56.575000,R_2HS4Rq0h6cwo5RG,,,,,47.4209,8.4055,anonymous,EN,Europe,,Male,43,Bachelor's Degree,,Engineering/Technology,,Christianity,,Rural / Countryside,Switzerland,"mRNA (e.g., Pfizer, Moderna)",No,Extremely important,"Yes, I believe they are generally safe",3,"yes, positive after vaccination","Yes, fully vaccinated","I believed the vaccine would be effective in preventing illness.,I wanted to return to normal activities.,It was recommended by health professionals.,I wanted to be able to travel.",,after a while,4,,,Neither agree nor disagree,Somewhat willing,3,4,1,8,5,2,7,6,,Unknown,,
18,2024-11-06 04:58:11,2024-11-06 05:02:11,IP Address,148.187.204.8,100,239,True,2024-11-06 05:02:11.702000,R_2A2Cenhbeuh3ULn,,,,,47.3821,8.5728,anonymous,EN,Europe,,Male,38,PhD,,Engineering/Technology,,Other,,Rural / Countryside,Europe(except Switzerland),"mRNA (e.g., Pfizer, Moderna),Viral vector (e.g., AstraZeneca, Johnson & Johnson)",No,Extremely important,Definitely yes,5,"yes, positive without vaccination","Yes, fully vaccinated",I believed the vaccine would be effective in preventing illness.,,immediatly,5,,,Strongly disagree,Strongly willing,1,2,3,4,5,6,7,8,,Unknown,,
19,2024-11-06 05:27:37,2024-11-06 05:29:59,IP Address,198.21.21.23,100,142,True,2024-11-06 05:30:00.042000,R_6HRZud5XwKyzIFI,,,,,47.5517,7.5714,anonymous,EN,Europe,,Male,24,Master's Degree,,Engineering/Technology,,Atheists,,Suburban / Town,Switzerland,"mRNA (e.g., Pfizer, Moderna),Viral vector (e.g., AstraZeneca, Johnson & Johnson)",No,Moderately important,It depends on the vaccine,3,"yes, positive without vaccination","No, not vaccinated",,,,,"Concerns about potential side effects.,Low trust in pharmaceutical companies or government officials.,I did not feel I was at high risk of severe illness from COVID-19.,I wanted to wait for more research on long-term effects.",,Somewhat agree,Somewhat unwilling,2,5,4,6,1,7,8,3,,Unknown,,
20,2024-11-06 05:32:57,2024-11-06 05:36:19,IP Address,195.176.112.79,100,201,True,2024-11-06 05:36:19.708000,R_8GUC2yBZJzPesqp,,,,,47.3989,8.4965,anonymous,EN,Europe,,Female,,High School or Equivalent,,"Sciences (Biology, Chemistry, Physics)",,Christianity,,Suburban / Town,Switzerland,"mRNA (e.g., Pfizer, Moderna),Not sure",No,Very important,"Yes, I believe they are generally safe",3,Never tested positive,"Yes, fully vaccinated","I believed the vaccine would be effective in preventing illness.,I wanted to return to normal activities.,Most people around me were getting vaccinated.,I was required to by authorities (e.g., parents, government, employer).",,immediatly,3,,,Neither agree nor disagree,Somewhat unwilling,1,4,3,6,2,5,7,8,,,,
21,2024-11-06 05:32:52,2024-11-06 05:37:55,IP Address,213.55.242.115,100,303,True,2024-11-06 05:37:56.377000,R_2nVXRC12fLYtlIF,,,,,47.3952,8.4925,anonymous,EN,Europe,,Female,20,Bachelor's Degree,,"Sciences (Biology, Chemistry, Physics)",,Atheists,,Suburban / Town,Switzerland,"mRNA (e.g., Pfizer, Moderna)",No,Extremely important,Definitely yes,2,"yes, positive after vaccination","Yes, fully vaccinated","I believed the vaccine would be effective in preventing illness.,I wanted to return to normal activities.,I wanted to be able to travel.",,immediatly,2,,,Neither agree nor disagree,Strongly willing,1,3,2,5,6,4,7,8,,Unknown,,
22,2024-11-06 05:33:37,2024-11-06 05:38:03,IP Address,195.176.112.102,100,265,True,2024-11-06 05:38:04.271000,R_83UniE00fSdPNSf,,,,,47.3989,8.4965,anonymous,EN,Europe,,Female,21,Bachelor's Degree,,"Sciences (Biology, Chemistry, Physics)",,Christianity,,Urban / City,Switzerland,"mRNA (e.g., Pfizer, Moderna),Viral vector (e.g., AstraZeneca, Johnson & Johnson)",No,Extremely important,"Yes, I believe they are generally safe",3,"yes, positive after vaccination","Yes, fully vaccinated","I wanted to return to normal activities.,Most people around me were getting vaccinated.,It was recommended by health professionals.,I wanted to be able to travel.,I was required to by authorities (e.g., parents, government, employer).,other",herd immunity,immediatly,4,,,Somewhat disagree,Strongly willing,1,5,4,2,3,6,7,8,,Unknown,,
23,2024-11-06 05:33:05,2024-11-06 05:38:55,IP Address,195.176.112.43,100,350,True,2024-11-06 05:38:56.383000,R_206tYy2nwfdxQpr,,,,,47.3989,8.4965,anonymous,EN,Europe,,Female,21,Bachelor's Degree,,"Sciences (Biology, Chemistry, Physics)",,Other,,Rural / Countryside,Europe(except Switzerland),"mRNA (e.g., Pfizer, Moderna),Viral vector (e.g., AstraZeneca, Johnson & Johnson)",No,Very important,It depends on the vaccine,3,"yes, positive after vaccination","Yes, fully vaccinated","I believed the vaccine would be effective in preventing illness.,I wanted to return to normal activities.,Most people around me were getting vaccinated.,I live with or regularly interact with people in high-risk groups.",,after a while,3,,,Neither agree nor disagree,Somewhat willing,1,2,3,5,4,6,7,8,,Unknown,,
24,2024-11-06 05:41:59,2024-11-06 05:46:16,IP Address,195.176.112.161,100,257,True,2024-11-06 05:46:16.757000,R_2Dpnua0YVZqG8iB,,,,,47.3989,8.4965,anonymous,EN,Europe,,Male,24,Bachelor's Degree,,"Sciences (Biology, Chemistry, Physics)",,Atheists,,Urban / City,Switzerland,"mRNA (e.g., Pfizer, Moderna),Viral vector (e.g., AstraZeneca, Johnson & Johnson)",No,Very important,Definitely yes,3,Never tested positive,"Yes, fully vaccinated","I believed the vaccine would be effective in preventing illness.,I wanted to return to normal activities.,I live with or regularly interact with people in high-risk groups.,It was recommended by health professionals.,I wanted to be able to travel.",,immediatly,5,,,Strongly disagree,Strongly willing,1,3,8,4,7,2,5,6,,Unknown,,
25,2024-11-06 05:43:44,2024-11-06 05:48:52,IP Address,194.209.125.161,100,307,True,2024-11-06 05:48:52.766000,R_2tEDbmBFJZB6UXD,,,,,47.4818,8.7077,anonymous,EN,Europe,,Male,41,Master's Degree,,Engineering/Technology,,Prefer not say,,Urban / City,Europe(except Switzerland),"mRNA (e.g., Pfizer, Moderna)",No,Extremely important,It depends on the vaccine,5,"yes, positive after vaccination","Yes, fully vaccinated",I believed the vaccine would be effective in preventing illness.,,immediatly,2,,,Neither agree nor disagree,Strongly unwilling,5,3,8,2,1,6,4,7,,Unknown,,
26,2024-11-06 05:53:36,2024-11-06 05:57:30,IP Address,195.176.112.28,100,234,True,2024-11-06 05:57:31.322000,R_8G2hN31czW88jex,,,,,47.3989,8.4965,anonymous,EN,Europe,,Female,21,Bachelor's Degree,,"Sciences (Biology, Chemistry, Physics)",,Christianity,,Rural / Countryside,Switzerland,"mRNA (e.g., Pfizer, Moderna),Viral vector (e.g., AstraZeneca, Johnson & Johnson)",No,Very important,It depends on the vaccine,4,"yes, positive without vaccination","No, not vaccinated",,,,,"Concerns about how quickly the vaccine was developed.,Concerns about potential side effects.,I did not feel I was at high risk of severe illness from COVID-19.,I wanted to wait for more research on long-term effects.,Doubts about the vaccine’s effectiveness.",,Somewhat agree,Somewhat unwilling,2,5,4,3,1,6,7,8,,Unknown,,
27,2024-11-06 05:54:46,2024-11-06 05:58:17,IP Address,185.133.44.254,100,210,True,2024-11-06 05:58:17.596000,R_26zcu0miJeFKV8t,,,,,47.3952,8.4925,anonymous,EN,Asia,,Female,24,Master's Degree,,Engineering/Technology,,Prefer not say,,Suburban / Town,Asia,"Inactivated virus (e.g., Sinovac, Sinopharm)",No,Moderately important,It depends on the vaccine,3,"yes, positive after vaccination","Yes, fully vaccinated",I believed the vaccine would be effective in preventing illness.,,after a while,5,,,Somewhat agree,Neither willing nor unwilling,1,2,4,3,5,6,7,8,,Unknown,,
28,2024-11-06 05:54:55,2024-11-06 05:58:31,IP Address,138.246.3.233,100,216,True,2024-11-06 05:58:31.864000,R_817jSLgDm4WV36K,,,,,48.1722,11.5534,anonymous,EN,Asia,,Male,24,Master's Degree,,Engineering/Technology,,Other,no religion,Urban / City,Asia,Not sure,No,Very important,"Yes, I believe they are generally safe",1,"yes, positive after vaccination","Yes, partially vaccinated","I believed the vaccine would be effective in preventing illness.,Most people around me were getting vaccinated.",,immediatly,1,,,Somewhat disagree,Somewhat willing,2,3,5,4,1,7,8,6,,Unknown,,
29,2024-11-06 05:55:34,2024-11-06 05:59:15,IP Address,117.133.133.112,100,220,True,2024-11-06 05:59:16.356000,R_4rVcmAB9Wzk2P9Q,,,,,39.911,116.395,anonymous,EN,Asia,,Female,24,Master's Degree,,"Social Sciences (Psychology, Sociology)",,Prefer not say,,Urban / City,Asia,"mRNA (e.g., Pfizer, Moderna)",No,Slightly important,It depends on the vaccine,3,"yes, positive after vaccination","Yes, fully vaccinated","Most people around me were getting vaccinated.,It was recommended by health professionals.",,immediatly,3,,,Somewhat disagree,Somewhat willing,2,3,7,8,1,4,6,5,,Unknown,,
30,2024-11-06 05:56:55,2024-11-06 05:59:20,IP Address,171.8.154.17,100,144,True,2024-11-06 05:59:21.093000,R_5rTF9120zH9xBfq,,,,,34.7599,113.6459,anonymous,EN,Prefer not to say,,Male,25,Master's Degree,,Business/Finance,,Prefer not say,,Urban / City,Other,"mRNA (e.g., Pfizer, Moderna),Viral vector (e.g., AstraZeneca, Johnson & Johnson),Inactivated virus (e.g., Sinovac, Sinopharm)",No,Moderately important,"Yes, I believe they are generally safe",2,"yes, positive after vaccination","Yes, fully vaccinated","I believed the vaccine would be effective in preventing illness.,I wanted to return to normal activities.,It was recommended by health professionals.,I wanted to be able to travel.,I was required to by authorities (e.g., parents, government, employer).",,after a while,3,,,Somewhat disagree,Neither willing nor unwilling,2,6,3,1,5,4,7,8,,Unknown,,
31,2024-11-06 05:56:42,2024-11-06 06:00:00,IP Address,128.179.153.235,100,197,True,2024-11-06 06:00:00.929000,R_8D5FGhdaXZT5e5M,,,,,46.5163,6.5802,anonymous,EN,Asia,,Male,24,PhD,,"Sciences (Biology, Chemistry, Physics)",,Buddihism,,Urban / City,Asia,"mRNA (e.g., Pfizer, Moderna),Viral vector (e.g., AstraZeneca, Johnson & Johnson)",No,Very important,"Yes, I believe they are generally safe",4,Never tested positive,"Yes, fully vaccinated","I believed the vaccine would be effective in preventing illness.,I wanted to be able to travel.,I was required to by authorities (e.g., parents, government, employer).",,immediatly,4,,,Somewhat disagree,Somewhat willing,2,5,7,1,3,4,6,8,,Unknown,,
32,2024-11-06 05:57:56,2024-11-06 06:01:29,IP Address,183.173.62.149,100,212,True,2024-11-06 06:01:29.900000,R_4M6BFRgEJxwpQav,,,,,39.911,116.395,anonymous,EN,Asia,,Female,22,Master's Degree,,Business/Finance,,Other,"I don""t have",Urban / City,Asia,"Inactivated virus (e.g., Sinovac, Sinopharm)",No,Very important,"Yes, I believe they are generally safe",4,"yes, positive after vaccination","Yes, fully vaccinated","Most people around me were getting vaccinated.,I was required to by authorities (e.g., parents, government, employer).",,immediatly,4,,,Somewhat disagree,Neither willing nor unwilling,1,3,4,5,6,7,8,2,,Unknown,,
33,2024-11-06 05:58:39,2024-11-06 06:03:35,IP Address,172.225.26.11,100,295,True,2024-11-06 06:03:36.198000,R_2MM2axbQXW12GbI,,,,,47.3682,8.5671,anonymous,EN,Europe,,Female,21,Bachelor's Degree,,"Sciences (Biology, Chemistry, Physics)",,Atheists,,Suburban / Town,Switzerland,"mRNA (e.g., Pfizer, Moderna),Viral vector (e.g., AstraZeneca, Johnson & Johnson)",No,Very important,"Yes, I believe they are generally safe",3,"yes, positive after vaccination","Yes, fully vaccinated","I wanted to return to normal activities.,Most people around me were getting vaccinated.,It was recommended by health professionals.,I wanted to be able to travel.,other",preventing the spread of covid-19 (not preventing contracting it myself),immediatly,5,,,Neither agree nor disagree,Somewhat willing,1,3,5,2,6,4,7,8,,Unknown,,
34,2024-11-06 05:56:59,2024-11-06 06:04:01,IP Address,1.202.123.107,100,421,True,2024-11-06 06:04:01.574000,R_2TE2a45A1UgX2BH,,,,,39.911,116.395,anonymous,EN,Asia,,Female,23,Master's Degree,,Business/Finance,,Prefer not say,,Suburban / Town,Asia,Not sure,No,Moderately important,"Yes, I believe they are generally safe",5,"yes, positive after vaccination","Yes, fully vaccinated","I wanted to return to normal activities.,Most people around me were getting vaccinated.,I wanted to be able to travel.,I was required to by authorities (e.g., parents, government, employer).",,immediatly,3,,,Somewhat agree,Somewhat unwilling,1,4,5,2,3,6,8,7,,Unknown,,
35,2024-11-06 05:59:22,2024-11-06 06:04:47,IP Address,120.236.231.6,100,324,True,2024-11-06 06:04:48.349000,R_45JXa25zAqA1x6x,,,,,34.7732,113.722,anonymous,EN,Asia,,Female,22,Master's Degree,,Business/Finance,,Other,no,Suburban / Town,Asia,Not sure,No,Moderately important,I am unsure,2,"yes, positive after vaccination","Yes, fully vaccinated",I believed the vaccine would be effective in preventing illness.,,after a while,3,,,Somewhat disagree,Somewhat willing,2,1,5,4,3,6,8,7,"If reminding me of the left time to finish, that would be better",Unknown,,
36,2024-11-06 06:01:33,2024-11-06 06:04:52,IP Address,120.244.141.131,100,198,True,2024-11-06 06:04:53.194000,R_4LjMVUTNnViay4x,,,,,39.911,116.395,anonymous,EN,Asia,,Female,23,Master's Degree,,Business/Finance,,Buddihism,,Urban / City,Asia,"Inactivated virus (e.g., Sinovac, Sinopharm)",No,Very important,"Yes, I believe they are generally safe",3,"yes, positive after vaccination","Yes, fully vaccinated",It was recommended by health professionals.,,immediatly,3,,,Strongly agree,Neither willing nor unwilling,2,3,1,4,5,6,7,8,,Unknown,,
37,2024-11-06 06:02:11,2024-11-06 06:05:08,IP Address,178.192.150.177,100,177,True,2024-11-06 06:05:08.571000,R_2QnOXdw4CVUUUWY,,,,,47.3878,8.3813,anonymous,EN,Europe,,Male,21,Bachelor's Degree,,"Sciences (Biology, Chemistry, Physics)",,Atheists,,Rural / Countryside,Switzerland,"mRNA (e.g., Pfizer, Moderna)",No,Extremely important,Definitely yes,3,Never tested positive,"Yes, fully vaccinated","I believed the vaccine would be effective in preventing illness.,I wanted to return to normal activities.,I live with or regularly interact with people in high-risk groups.,It was recommended by health professionals.",,immediatly,3,,,Strongly disagree,Strongly willing,3,4,6,1,5,7,2,8,,Unknown,,
38,2024-11-06 06:01:38,2024-11-06 06:05:53,IP Address,81.28.13.148,100,254,True,2024-11-06 06:05:54.519000,R_4hRr33B9gHymyt1,,,,,1.3552,103.8859,anonymous,EN,Asia,,Male,23,Some College,,"Social Sciences (Psychology, Sociology)",,Other,Science ,Suburban / Town,Asia,"Inactivated virus (e.g., Sinovac, Sinopharm)",No,Moderately important,It depends on the vaccine,2,"yes, positive after vaccination","Yes, partially vaccinated","I was required to by authorities (e.g., parents, government, employer).",,immediatly,1,,,Somewhat agree,Somewhat willing,1,6,5,2,3,4,7,8,,Unknown,,
39,2024-11-06 06:06:23,2024-11-06 06:09:39,IP Address,213.55.240.187,100,195,True,2024-11-06 06:09:39.740000,R_8JLtNReRTdI5XZ3,,,,,47.3952,8.4925,anonymous,EN,Asia,,Female,26,Master's Degree,,"Social Sciences (Psychology, Sociology)",,Other,,Urban / City,Asia,Not sure,No,Slightly important,"No, I believe they are generally unsafe",1,"yes, positive after vaccination","Yes, fully vaccinated","I was required to by authorities (e.g., parents, government, employer).",,after a while,3,,,Neither agree nor disagree,Strongly unwilling,1,8,5,3,2,4,7,6,,Unknown,,
40,2024-11-06 06:06:46,2024-11-06 06:10:56,IP Address,62.12.167.66,100,249,True,2024-11-06 06:10:56.670000,R_2xFaj5Xzq94T6up,,,,,47.3712,8.4789,anonymous,EN,Asia,,Female,24,Master's Degree,,Business/Finance,,Prefer not say,,Urban / City,Asia,Not sure,No,Moderately important,I am unsure,3,"yes, positive after vaccination","Yes, fully vaccinated","I was required to by authorities (e.g., parents, government, employer).",,immediatly,1,,,Neither agree nor disagree,Somewhat willing,1,3,7,5,4,6,2,8,,Unknown,,
41,2024-11-06 06:05:43,2024-11-06 06:14:32,IP Address,160.16.205.45,100,528,True,2024-11-06 06:14:32.886000,R_4Qhi5z2XqKQheKK,,,,,35.6887,139.745,anonymous,EN,Asia,,Female,21,Some College,,"Social Sciences (Psychology, Sociology)",,Other,,Suburban / Town,Asia,"mRNA (e.g., Pfizer, Moderna),Not sure",No,Extremely important,I am unsure,2,Never tested positive,"Yes, fully vaccinated","I believed the vaccine would be effective in preventing illness.,Most people around me were getting vaccinated.,It was recommended by health professionals.,I was required to by authorities (e.g., parents, government, employer).",,immediatly,4,,,Somewhat disagree,Somewhat willing,1,8,4,7,6,3,2,5,,Unknown,,
42,2024-11-06 06:08:47,2024-11-06 06:16:05,IP Address,106.121.81.137,100,437,True,2024-11-06 06:16:06.821000,R_4gSImLUBkMPwUVI,,,,,34.7732,113.722,anonymous,EN,Asia,,Male,22,PhD,,Engineering/Technology,,Atheists,,Suburban / Town,Asia,"mRNA (e.g., Pfizer, Moderna),Inactivated virus (e.g., Sinovac, Sinopharm)",No,Very important,"Yes, I believe they are generally safe",1,"yes, positive after vaccination","Yes, fully vaccinated","I believed the vaccine would be effective in preventing illness.,I wanted to be able to travel.,I was required to by authorities (e.g., parents, government, employer).",,immediatly,3,,,Neither agree nor disagree,Somewhat willing,3,1,7,2,6,5,4,8,,Unknown,,
43,2024-11-06 06:12:12,2024-11-06 06:17:35,IP Address,183.172.18.232,100,323,True,2024-11-06 06:17:36.771000,R_4V1REvcvoDCiKml,,,,,34.7732,113.722,anonymous,EN,Asia,,Female,22,Bachelor's Degree,,Engineering/Technology,,Atheists,,Suburban / Town,Asia,Not sure,No,Very important,It depends on the vaccine,2,"yes, positive after vaccination","Yes, fully vaccinated","I believed the vaccine would be effective in preventing illness.,Most people around me were getting vaccinated.,I was required to by authorities (e.g., parents, government, employer).",,immediatly,3,,,Somewhat agree,Somewhat unwilling,1,5,6,2,4,3,7,8,,Unknown,,
44,2024-11-06 06:27:27,2024-11-06 06:31:45,IP Address,195.176.112.227,100,257,True,2024-11-06 06:31:45.727000,R_2X6Z7PWVuudHU0Y,,,,,47.3989,8.4965,anonymous,EN,Europe,,Female,20,Bachelor's Degree,,"Sciences (Biology, Chemistry, Physics)",,Atheists,,Suburban / Town,Switzerland,"mRNA (e.g., Pfizer, Moderna)",No,Extremely important,"Yes, I believe they are generally safe",2,Never tested positive,"Yes, fully vaccinated","I believed the vaccine would be effective in preventing illness.,I wanted to return to normal activities.,I live with or regularly interact with people in high-risk groups.",,immediatly,3,,,Somewhat disagree,Neither willing nor unwilling,2,5,7,3,6,1,4,8,,Unknown,,
45,2024-11-06 06:26:49,2024-11-06 06:33:02,IP Address,194.230.148.164,100,373,True,2024-11-06 06:33:03.530000,R_2C7a47Avl3jmtrf,,,,,47.4243,8.5318,anonymous,EN,Asia,,Female,24,Master's Degree,,"Sciences (Biology, Chemistry, Physics)",,Other,,Urban / City,Asia,"mRNA (e.g., Pfizer, Moderna)",No,Very important,It depends on the vaccine,3,Never tested positive,"Yes, fully vaccinated",I wanted to return to normal activities.,,after a while,5,,,Neither agree nor disagree,Somewhat willing,1,5,2,4,3,6,7,8,,Unknown,,
46,2024-11-06 06:34:40,2024-11-06 06:38:21,IP Address,85.4.65.90,100,220,True,2024-11-06 06:38:22.034000,R_2zbVjVkVqFfaUYd,,,,,47.0634,8.3012,anonymous,EN,Europe,,Male,23,High School or Equivalent,,"Sciences (Biology, Chemistry, Physics)",,Other,,Rural / Countryside,Switzerland,"mRNA (e.g., Pfizer, Moderna),Viral vector (e.g., AstraZeneca, Johnson & Johnson)",No,Very important,"Yes, I believe they are generally safe",3,Never tested positive,"Yes, fully vaccinated","I believed the vaccine would be effective in preventing illness.,I wanted to return to normal activities.,It was recommended by health professionals.,I wanted to be able to travel.",,immediatly,4,,,Neither agree nor disagree,Somewhat willing,2,1,3,5,4,8,6,7,,Unknown,,
47,2024-11-06 06:41:18,2024-11-06 06:43:42,IP Address,195.176.112.222,100,143,True,2024-11-06 06:43:43.026000,R_2fdC3ftnwHUZSXQ,,,,,47.3989,8.4965,anonymous,EN,Asia,,Female,,Master's Degree,,"Sciences (Biology, Chemistry, Physics)",,Atheists,,Suburban / Town,Switzerland,"mRNA (e.g., Pfizer, Moderna)",No,Moderately important,It depends on the vaccine,2,"yes, positive after vaccination","Yes, fully vaccinated","I believed the vaccine would be effective in preventing illness.,I wanted to return to normal activities.,Most people around me were getting vaccinated.,I am in a high-risk group.",,after a while,4,,,Somewhat agree,Neither willing nor unwilling,1,3,2,4,5,6,7,8,,,,
48,2024-11-06 06:40:35,2024-11-06 06:44:16,IP Address,31.10.135.89,100,221,True,2024-11-06 06:44:17.040000,R_2Ceeb2flGng0Vxk,,,,,47.4663,8.3471,anonymous,EN,Europe,,Female,33,Master's Degree,,Engineering/Technology,,Christianity,,Suburban / Town,Switzerland,"mRNA (e.g., Pfizer, Moderna)",No,Extremely important,Definitely yes,3,Never tested positive,"Yes, fully vaccinated",I believed the vaccine would be effective in preventing illness.,,immediatly,4,,,Strongly disagree,Strongly willing,3,4,7,8,1,6,2,5,,Unknown,,
49,2024-11-06 06:43:45,2024-11-06 06:46:25,IP Address,213.55.185.234,100,160,True,2024-11-06 06:46:26.211000,R_8DTQa8HKDm0m1J6,,,,,47.4095,8.5514,anonymous,EN,Europe,,Male,23,Master's Degree,,Engineering/Technology,,Christianity,,Urban / City,Europe(except Switzerland),"mRNA (e.g., Pfizer, Moderna),Viral vector (e.g., AstraZeneca, Johnson & Johnson)",No,Extremely important,"Yes, I believe they are generally safe",4,"yes, positive after vaccination","Yes, fully vaccinated","I wanted to return to normal activities.,I live with or regularly interact with people in high-risk groups.,I was required to by authorities (e.g., parents, government, employer).",,immediatly,2,,,Somewhat agree,Somewhat willing,2,4,1,7,3,5,6,8,,Unknown,,
50,2024-11-06 06:36:59,2024-11-06 06:46:50,IP Address,223.104.7.82,100,590,True,2024-11-06 06:46:50.907000,R_4JPC7nbBgoLPidz,,,,,39.1488,117.1762,anonymous,EN,Asia,,Female,25,Master's Degree,,"Sciences (Biology, Chemistry, Physics)",,Prefer not say,,Urban / City,Asia,"mRNA (e.g., Pfizer, Moderna)",Yes,Very important,"Yes, I believe they are generally safe",3,"yes, positive after vaccination","Yes, fully vaccinated","It was recommended by health professionals.,I was required to by authorities (e.g., parents, government, employer).",,after a while,2,,,Somewhat disagree,Neither willing nor unwilling,2,7,6,3,1,5,4,8,,Unknown,,
51,2024-11-06 06:55:28,2024-11-06 07:00:27,IP Address,195.176.112.121,100,299,True,2024-11-06 07:00:28.283000,R_88nqoYZ1Bz220xz,,,,,47.3989,8.4965,anonymous,EN,Asia,,Female,23,Master's Degree,,"Sciences (Biology, Chemistry, Physics)",,,,Suburban / Town,Asia,Not sure,Yes,Very important,"Yes, I believe they are generally safe",5,"yes, positive after vaccination","Yes, fully vaccinated",I believed the vaccine would be effective in preventing illness.,,immediatly,4,,,Somewhat agree,Somewhat unwilling,1,2,7,4,5,3,6,8,,Unknown,,
52,2024-11-06 05:43:23,2024-11-06 07:01:44,IP Address,195.176.112.185,100,4701,True,2024-11-06 07:01:45.348000,R_2wMlHrOxYX9qMuO,,,,,47.3989,8.4965,anonymous,EN,Europe,,Male,24,Bachelor's Degree,,Other,,Atheists,,Rural / Countryside,Switzerland,"mRNA (e.g., Pfizer, Moderna)",No,Extremely important,"Yes, I believe they are generally safe",3,Never tested positive,"Yes, fully vaccinated","I believed the vaccine would be effective in preventing illness.,I wanted to return to normal activities.,I live with or regularly interact with people in high-risk groups.,It was recommended by health professionals.,I wanted to be able to travel.,I was required to by authorities (e.g., parents, government, employer).",,after a while,4,,,Somewhat disagree,Somewhat willing,1,4,3,2,5,7,6,8,,Unknown,,
53,2024-11-06 07:01:00,2024-11-06 07:02:59,IP Address,195.176.112.74,100,119,True,2024-11-06 07:03:00.278000,R_241m58f3E71dju5,,,,,47.3989,8.4965,anonymous,EN,Asia,,Female,4,Master's Degree,,Business/Finance,,,,Urban / City,Asia,Not sure,No,Very important,It depends on the vaccine,4,"yes, positive after vaccination","Yes, fully vaccinated","I believed the vaccine would be effective in preventing illness.,I wanted to return to normal activities.,Most people around me were getting vaccinated.,It was recommended by health professionals.,I wanted to be able to travel.,I was required to by authorities (e.g., parents, government, employer).",,immediatly,5,,,Somewhat disagree,Somewhat unwilling,3,1,5,6,2,4,7,8,,Unknown,,
54,2024-11-06 07:03:38,2024-11-06 07:09:12,IP Address,77.245.23.252,100,333,True,2024-11-06 07:09:12.850000,R_222NVcOESX378F1,,,,,47.3826,8.6585,anonymous,EN,Europe,,Male,45,PhD,,"Sciences (Biology, Chemistry, Physics)",,Atheists,,Rural / Countryside,Switzerland,"mRNA (e.g., Pfizer, Moderna)",No,Very important,"Yes, I believe they are generally safe",4,"yes, positive after vaccination","Yes, fully vaccinated","I believed the vaccine would be effective in preventing illness.,I wanted to be able to travel.",,after a while,3,,,Somewhat disagree,Strongly willing,3,4,2,5,1,6,8,7,,Unknown,,
55,2024-11-06 07:05:36,2024-11-06 07:10:10,IP Address,194.230.147.170,100,273,True,2024-11-06 07:10:10.901000,R_814BEe53iWQC2al,,,,,46.9447,7.4651,anonymous,EN,Asia,,Male,36,PhD,,"Sciences (Biology, Chemistry, Physics)",,,,Urban / City,Switzerland,"mRNA (e.g., Pfizer, Moderna)",Yes,Slightly important,I am unsure,2,"yes, positive after vaccination","Yes, fully vaccinated","I was required to by authorities (e.g., parents, government, employer).",,immediatly,3,,,Strongly disagree,Neither willing nor unwilling,1,2,4,3,6,5,7,8,,Unknown,,
56,2024-11-06 06:19:31,2024-11-06 07:13:52,IP Address,195.176.112.48,100,3261,True,2024-11-06 07:13:53.317000,R_8lyvEoFPAy3aKdg,,,,,47.3989,8.4965,anonymous,EN,Asia,,Male,26,Master's Degree,,Other,,Atheists,,Urban / City,Asia,"Inactivated virus (e.g., Sinovac, Sinopharm)",No,Extremely important,It depends on the vaccine,4,"yes, positive after vaccination","Yes, fully vaccinated","I believed the vaccine would be effective in preventing illness.,I wanted to return to normal activities.,It was recommended by health professionals.",,immediatly,4,,,Neither agree nor disagree,Strongly willing,3,1,4,5,6,2,7,8,"It’s not clear in the following questions description which vaccine the question is referring to after choosing the vaccine one took. This is important because I had different impressions of effectiveness on different vaccines. In addition, whether one was infected with or without vaccination depends on the time the person received the vaccine and got infected. I also feel like some questions multiple choices apply but this is not made possible nor clear from the question in what aspects one should narrow his choice.",Unknown,,
57,2024-11-06 07:14:04,2024-11-06 07:18:32,IP Address,134.58.253.20,100,267,True,2024-11-06 07:18:32.888000,R_2MwWUaxcY6VEWS5,,,,,50.8758,4.7027,anonymous,EN,Asia,,Male,30,Master's Degree,,Business/Finance,,,,Urban / City,Asia,"Inactivated virus (e.g., Sinovac, Sinopharm)",No,Moderately important,I am unsure,4,"yes, positive after vaccination","Yes, fully vaccinated","I wanted to return to normal activities.,I was required to by authorities (e.g., parents, government, employer).",,immediatly,3,,,Strongly agree,Strongly unwilling,3,1,4,2,5,6,7,8,,Unknown,,
58,2024-11-06 07:12:16,2024-11-06 07:20:59,IP Address,84.75.0.31,100,523,True,2024-11-06 07:21:00.244000,R_8VdggcXy9AZIwk9,,,,,47.3838,8.1787,anonymous,EN,Europe,,Female,22,Some College,,"Sciences (Biology, Chemistry, Physics)",,,,Rural / Countryside,Switzerland,No available vaccine,Yes,Very important,"Yes, I believe they are generally safe",5,"yes, positive without vaccination","No, not vaccinated",,,,,Other,There wasn’t enough research done whether i am allergic or not,Somewhat disagree,Somewhat willing,1,7,4,3,2,8,6,5,,Unknown,,
59,2024-11-06 07:17:07,2024-11-06 07:23:37,IP Address,195.176.112.7,100,389,True,2024-11-06 07:23:37.643000,R_8vJK8EPYgVnCktr,,,,,47.3989,8.4965,anonymous,EN,Asia,,Male,23,Bachelor's Degree,,Engineering/Technology,,,,Rural / Countryside,Asia,"mRNA (e.g., Pfizer, Moderna)",No,Very important,"Yes, I believe they are generally safe",2,"yes, positive after vaccination","Yes, fully vaccinated","I believed the vaccine would be effective in preventing illness.,Most people around me were getting vaccinated.",,after a while,4,,,Somewhat agree,Somewhat willing,1,4,5,3,6,2,7,8,,Unknown,,
60,2024-11-06 07:02:24,2024-11-06 07:27:03,IP Address,195.176.112.42,100,1479,True,2024-11-06 07:27:04.360000,R_2PmFUyYAT5b0mav,,,,,47.3989,8.4965,anonymous,EN,Europe,,Female,22,Bachelor's Degree,,"Sciences (Biology, Chemistry, Physics)",,Atheists,,Suburban / Town,Switzerland,"mRNA (e.g., Pfizer, Moderna),Viral vector (e.g., AstraZeneca, Johnson & Johnson)",Yes,Very important,"Yes, I believe they are generally safe",4,"yes, positive before vaccination","Yes, fully vaccinated","I believed the vaccine would be effective in preventing illness.,other",I believe that the vaccine is effective in narrow the effects of the virus and the severity of symtomd,after a while,3,,,Somewhat agree,Strongly willing,1,5,3,2,6,4,7,8,,Unknown,,
61,2024-11-06 06:50:08,2024-11-06 07:28:40,IP Address,109.202.243.12,100,2311,True,2024-11-06 07:28:40.874000,R_2wP1RurzAthNSKJ,,,,,51.4828,-0.1371,anonymous,EN,Asia,,Female,24,Master's Degree,,Arts/Humanities,,Other,nonononnohahahahahahaxx,Urban / City,Asia,Not sure,No,Very important,"Yes, I believe they are generally safe",3,"yes, positive before vaccination","Yes, fully vaccinated",I believed the vaccine would be effective in preventing illness.,,after a while,2,,,Neither agree nor disagree,Neither willing nor unwilling,2,1,5,3,8,4,7,6,love you ,Unknown,,
62,2024-11-06 07:26:12,2024-11-06 07:31:20,IP Address,194.230.148.28,100,308,True,2024-11-06 07:31:21.384000,R_2ooR69nFma9J7Hk,,,,,47.4243,8.5318,anonymous,EN,Asia,,Male,24,Bachelor's Degree,,Engineering/Technology,,Christianity,,Urban / City,Asia,"mRNA (e.g., Pfizer, Moderna),Viral vector (e.g., AstraZeneca, Johnson & Johnson)",No,Extremely important,Definitely yes,3,"yes, positive after vaccination","Yes, fully vaccinated","It was recommended by health professionals.,I was required to by authorities (e.g., parents, government, employer).",,immediatly,3,,,Somewhat agree,Somewhat willing,6,3,2,5,1,4,7,8,,Unknown,,
63,2024-11-06 07:10:18,2024-11-06 07:32:07,IP Address,101.5.207.231,100,1309,True,2024-11-06 07:32:08.798000,R_40xHUs1EFwvcSwF,,,,,34.7732,113.722,anonymous,EN,Asia,,Male,23,PhD,,Engineering/Technology,,,,Suburban / Town,Asia,"mRNA (e.g., Pfizer, Moderna)",No,Very important,It depends on the vaccine,4,"yes, positive after vaccination","Yes, fully vaccinated","I believed the vaccine would be effective in preventing illness.,I wanted to return to normal activities.,Most people around me were getting vaccinated.,It was recommended by health professionals.",,immediatly,5,,,Somewhat disagree,Somewhat willing,3,1,4,6,2,5,7,8,,Unknown,,
64,2024-11-06 07:26:11,2024-11-06 07:36:35,IP Address,178.197.219.227,100,624,True,2024-11-06 07:36:36.556000,R_2tg5pnvDdQokTgW,,,,,47.3952,8.4925,anonymous,EN,Europe,,Male,19,Some College,,Engineering/Technology,,Atheists,,Suburban / Town,Switzerland,"mRNA (e.g., Pfizer, Moderna),Viral vector (e.g., AstraZeneca, Johnson & Johnson)",No,Very important,"Yes, I believe they are generally safe",3,"yes, positive after vaccination","Yes, fully vaccinated","I wanted to return to normal activities.,Most people around me were getting vaccinated.,I am in a high-risk group.,I live with or regularly interact with people in high-risk groups.,It was recommended by health professionals.,I wanted to be able to travel.,I was required to by authorities (e.g., parents, government, employer).",,immediatly,4,,,Strongly disagree,Strongly willing,1,5,4,6,7,8,2,3,,Unknown,,
65,2024-11-06 07:51:40,2024-11-06 07:55:22,IP Address,89.206.81.195,100,221,True,2024-11-06 07:55:22.804000,R_869nSeG8XJVrLRN,,,,,47.3976,8.5442,anonymous,EN,Europe,,Female,54,PhD,,"Sciences (Biology, Chemistry, Physics)",,,,Rural / Countryside,Switzerland,"mRNA (e.g., Pfizer, Moderna)",No,Extremely important,"Yes, I believe they are generally safe",5,"yes, positive after vaccination","Yes, fully vaccinated",I believed the vaccine would be effective in preventing illness.,,immediatly,4,,,Somewhat agree,Somewhat willing,1,6,7,2,3,4,5,8,,Unknown,,
66,2024-11-06 08:01:25,2024-11-06 08:04:14,IP Address,223.73.31.23,100,169,True,2024-11-06 08:04:15.592000,R_4BK87wqroUnTErL,,,,,23.0177,113.7506,anonymous,EN,Asia,,Female,24,Master's Degree,,Engineering/Technology,,Prefer not say,,Urban / City,Asia,Not sure,No,Very important,It depends on the vaccine,3,"yes, positive after vaccination","Yes, fully vaccinated",I believed the vaccine would be effective in preventing illness.,,immediatly,3,,,Neither agree nor disagree,Neither willing nor unwilling,2,6,1,3,7,4,5,8,,Unknown,,
67,2024-11-06 08:01:49,2024-11-06 08:05:35,IP Address,192.41.132.220,100,225,True,2024-11-06 08:05:35.783000,R_2JWT9of2LgXC8nc,,,,,47.3804,8.5412,anonymous,EN,Europe,,Male,22,Master's Degree,,Engineering/Technology,,,,Urban / City,Europe(except Switzerland),"mRNA (e.g., Pfizer, Moderna),Viral vector (e.g., AstraZeneca, Johnson & Johnson)",No,Extremely important,"Yes, I believe they are generally safe",2,"yes, positive without vaccination","No, not vaccinated",,,,,"Concerns about how quickly the vaccine was developed.,Concerns about potential side effects.,I did not feel I was at high risk of severe illness from COVID-19.,I wanted to wait for more research on long-term effects.,Doubts about the vaccine’s effectiveness.",,Somewhat agree,Somewhat unwilling,1,4,3,5,2,6,7,8,"I think it was a bit to give an accurate ranking when having to rank the different things that could boost my willingness to take the vaccine, so I think my ranking might be a bit inaccurate just by the sheer amount of option.s",Unknown,,
68,2024-11-06 07:26:03,2024-11-06 08:09:09,IP Address,195.176.113.222,100,2586,True,2024-11-06 08:09:10.263000,R_2M0tdpkmyHkLojb,,,,,47.3857,8.5348,anonymous,EN,Europe,,Female,38,Master's Degree,,"Sciences (Biology, Chemistry, Physics)",,Christianity,,Suburban / Town,Switzerland,"mRNA (e.g., Pfizer, Moderna),Viral vector (e.g., AstraZeneca, Johnson & Johnson)",No,Extremely important,"Yes, I believe they are generally safe",5,"yes, positive after vaccination","Yes, fully vaccinated","I believed the vaccine would be effective in preventing illness.,I wanted to be able to travel.",,immediatly,4,,,Strongly disagree,Strongly willing,3,1,4,7,5,8,2,6,,Unknown,,
69,2024-11-06 08:10:46,2024-11-06 08:18:00,IP Address,194.230.148.63,100,434,True,2024-11-06 08:18:01.583000,R_84u7wQgnagnZSF2,,,,,47.4243,8.5318,anonymous,EN,Asia,,Male,24,Master's Degree,,Engineering/Technology,,,,Urban / City,Asia,"Inactivated virus (e.g., Sinovac, Sinopharm),Not sure",No,Extremely important,"Yes, I believe they are generally safe",3,"yes, positive after vaccination","Yes, fully vaccinated","I believed the vaccine would be effective in preventing illness.,I wanted to return to normal activities.,Most people around me were getting vaccinated.,I wanted to be able to travel.,I was required to by authorities (e.g., parents, government, employer).",,after a while,3,,,Somewhat disagree,Somewhat willing,1,2,6,4,5,3,7,8,,Unknown,,
70,2024-11-06 08:22:12,2024-11-06 08:30:58,IP Address,89.206.81.216,100,526,True,2024-11-06 08:30:58.959000,R_8OU3vAHdVKCr7Ok,,,,,47.3976,8.5442,anonymous,EN,Asia,,Female,28,PhD,,Healthcare/Medical,,,,Suburban / Town,Asia,Not sure,No,Very important,It depends on the vaccine,3,"yes, positive after vaccination","Yes, fully vaccinated","I believed the vaccine would be effective in preventing illness.,I wanted to return to normal activities.,Most people around me were getting vaccinated.,I wanted to be able to travel.,I was required to by authorities (e.g., parents, government, employer).",,immediatly,3,,,Somewhat disagree,Somewhat willing,2,4,3,5,1,6,7,8,,Unknown,,
71,2024-11-06 08:33:35,2024-11-06 08:38:42,IP Address,195.176.112.126,100,306,True,2024-11-06 08:38:42.745000,R_2fIbOb8Be7RUIK6,,,,,47.3989,8.4965,anonymous,EN,Asia,,Female,23,Master's Degree,,Healthcare/Medical,,,,Urban / City,Asia,"mRNA (e.g., Pfizer, Moderna)",No,Very important,It depends on the vaccine,3,"yes, positive after vaccination","Yes, fully vaccinated",It was recommended by health professionals.,,after a while,3,,,Somewhat disagree,Somewhat willing,1,6,7,3,4,5,2,8,,Unknown,,
72,2024-11-06 08:51:18,2024-11-06 08:56:01,IP Address,194.230.160.53,100,283,True,2024-11-06 08:56:03.099000,R_2sVmZ2uoRCENVlv,,,,,47.5421,7.5962,anonymous,EN,Asia,,Female,42,Master's Degree,,Healthcare/Medical,,Christianity,,Rural / Countryside,Switzerland,"mRNA (e.g., Pfizer, Moderna)",Yes,Very important,"Yes, I believe they are generally safe",3,"yes, positive after vaccination","Yes, fully vaccinated",I believed the vaccine would be effective in preventing illness.,,after a while,4,,,Somewhat agree,Somewhat willing,1,2,3,4,5,6,7,8,could you please let.me know the outcome?,Unknown,,
73,2024-11-06 09:18:18,2024-11-06 09:21:01,IP Address,178.197.218.228,100,163,True,2024-11-06 09:21:02.232000,R_2fH8W4eqNSRaJB5,,,,,47.3952,8.4925,anonymous,EN,Europe,,Female,32,Master's Degree,,Engineering/Technology,,,,Rural / Countryside,Switzerland,"mRNA (e.g., Pfizer, Moderna)",No,Extremely important,Definitely yes,3,"yes, positive after vaccination","Yes, fully vaccinated","I wanted to return to normal activities.,I wanted to be able to travel.",,after a while,3,,,Somewhat disagree,Somewhat willing,4,5,1,6,2,3,7,8,,Unknown,,
74,2024-11-06 09:26:55,2024-11-06 09:31:14,IP Address,213.55.185.88,100,259,True,2024-11-06 09:31:16.139000,R_2EPSqergIJtmwdy,,,,,47.4095,8.5514,anonymous,EN,Europe,,Male,21,Bachelor's Degree,,Engineering/Technology,,,,Suburban / Town,Switzerland,"mRNA (e.g., Pfizer, Moderna)",Yes,Very important,"Yes, I believe they are generally safe",3,Never tested positive,"Yes, fully vaccinated","I wanted to return to normal activities.,I wanted to be able to travel.",,after a while,3,,,Somewhat agree,Somewhat willing,2,4,8,6,1,3,5,7,,Unknown,,
75,2024-11-06 08:53:00,2024-11-06 09:41:36,IP Address,120.244.186.26,100,2916,True,2024-11-06 09:41:37.307000,R_4DTAIi2yds8iqDp,,,,,39.1087,116.3928,anonymous,EN,Asia,,Male,34,PhD,,Engineering/Technology,,Buddihism,,Rural / Countryside,Asia,"Inactivated virus (e.g., Sinovac, Sinopharm)",No,Slightly important,"Yes, I believe they are generally safe",5,"yes, positive without vaccination","No, not vaccinated",,,,,Concerns about potential side effects.,,Neither agree nor disagree,Neither willing nor unwilling,1,5,2,3,4,7,6,8,,Unknown,,
76,2024-11-06 09:44:47,2024-11-06 09:49:57,IP Address,213.55.241.72,100,310,True,2024-11-06 09:49:57.923000,R_2dR4AzzP0Nh7cFA,,,,,47.3952,8.4925,anonymous,EN,Europe,,Male,29,Master's Degree,,"Sciences (Biology, Chemistry, Physics)",,Christianity,,Rural / Countryside,Switzerland,"mRNA (e.g., Pfizer, Moderna),Viral vector (e.g., AstraZeneca, Johnson & Johnson)",No,Extremely important,Definitely yes,4,Never tested positive,"Yes, fully vaccinated","I believed the vaccine would be effective in preventing illness.,It was recommended by health professionals.",,after a while,4,,,Somewhat disagree,Strongly willing,1,5,8,6,4,3,2,7,,Unknown,,
77,2024-11-06 09:52:20,2024-11-06 09:57:51,IP Address,62.12.167.67,100,330,True,2024-11-06 09:57:53.236000,R_2ghyIr0vGUTgFZM,,,,,47.3712,8.4789,anonymous,EN,Asia,,Male,23,Master's Degree,,"Sciences (Biology, Chemistry, Physics)",,,,Suburban / Town,Asia,Not sure,Yes,Extremely important,It depends on the vaccine,4,"yes, positive after vaccination","Yes, fully vaccinated","I believed the vaccine would be effective in preventing illness.,I wanted to return to normal activities.,Most people around me were getting vaccinated.,It was recommended by health professionals.,I was required to by authorities (e.g., parents, government, employer).",,after a while,5,,,Neither agree nor disagree,Somewhat willing,4,3,7,1,2,5,6,8,,Unknown,,
78,2024-11-06 10:13:52,2024-11-06 10:17:48,IP Address,185.194.185.8,100,236,True,2024-11-06 10:17:49.131000,R_8LdLqGzJf3M2XtY,,,,,46.9786,7.4483,anonymous,EN,Asia,,Male,20,Bachelor's Degree,,"Social Sciences (Psychology, Sociology)",,,,Suburban / Town,Asia,"mRNA (e.g., Pfizer, Moderna)",No,Very important,"Yes, I believe they are generally safe",2,"yes, positive after vaccination","Yes, partially vaccinated","I believed the vaccine would be effective in preventing illness.,I wanted to be able to travel.,I was required to by authorities (e.g., parents, government, employer).",,after a while,3,,,Neither agree nor disagree,Somewhat willing,6,2,3,8,4,1,7,5,,Unknown,,
79,2024-11-06 10:31:24,2024-11-06 10:33:20,IP Address,117.139.157.22,100,115,True,2024-11-06 10:33:20.976000,R_47EEYO5A416vPpd,,,,,34.7732,113.722,anonymous,EN,Asia,,Female,26,Master's Degree,,Engineering/Technology,,,,Suburban / Town,Switzerland,"Viral vector (e.g., AstraZeneca, Johnson & Johnson)",No,Very important,"Yes, I believe they are generally safe",1,"yes, positive before vaccination","Yes, fully vaccinated","Most people around me were getting vaccinated.,It was recommended by health professionals.",,after a while,4,,,Neither agree nor disagree,Somewhat willing,1,2,3,4,5,6,7,8,,Unknown,,
80,2024-11-06 11:51:08,2024-11-06 12:42:19,IP Address,172.225.228.41,100,3071,True,2024-11-06 12:42:20.605000,R_2J6hSwv22dLljO1,,,,,47.3682,8.5671,anonymous,EN,Asia,,Male,37,Master's Degree,,Engineering/Technology,,,,Suburban / Town,Switzerland,"mRNA (e.g., Pfizer, Moderna)",No,Extremely important,"Yes, I believe they are generally safe",4,"yes, positive before vaccination","Yes, fully vaccinated",I believed the vaccine would be effective in preventing illness.,,immediatly,5,,,Somewhat disagree,Neither willing nor unwilling,2,3,4,1,7,6,5,8,,Unknown,,
81,2024-11-06 12:59:59,2024-11-06 13:02:41,IP Address,62.12.168.70,100,162,True,2024-11-06 13:02:42.398000,R_8a8pJQoiHdWJIcC,,,,,47.3503,8.5561,anonymous,EN,Asia,,Male,26,Bachelor's Degree,,Business/Finance,,Buddihism,,Urban / City,Asia,"mRNA (e.g., Pfizer, Moderna)",Yes,Extremely important,"Yes, I believe they are generally safe",5,Never tested positive,"Yes, fully vaccinated",I live with or regularly interact with people in high-risk groups.,,after a while,4,,,Somewhat agree,Somewhat willing,2,4,1,5,3,6,7,8,,Unknown,,
82,2024-11-06 13:42:03,2024-11-06 13:46:25,IP Address,84.74.66.244,100,262,True,2024-11-06 13:46:25.979000,R_8csmT0ezSynnuDL,,,,,47.3838,8.1787,anonymous,EN,Asia,,Female,19,Bachelor's Degree,,Business/Finance,,,,Urban / City,Switzerland,"mRNA (e.g., Pfizer, Moderna)",No,Extremely important,"Yes, I believe they are generally safe",2,"yes, positive after vaccination","Yes, fully vaccinated","I believed the vaccine would be effective in preventing illness.,Most people around me were getting vaccinated.,It was recommended by health professionals.,I wanted to be able to travel.",,after a while,3,,,Neither agree nor disagree,Somewhat unwilling,4,7,6,5,3,1,2,8,,Unknown,,
83,2024-11-06 13:43:42,2024-11-06 13:49:25,IP Address,194.230.148.118,100,342,True,2024-11-06 13:49:25.847000,R_2qXbu7NYhEuTytg,,,,,47.4243,8.5318,anonymous,EN,Asia,,Male,23,Master's Degree,,Engineering/Technology,,,,Urban / City,Asia,"Inactivated virus (e.g., Sinovac, Sinopharm)",No,Very important,"Yes, I believe they are generally safe",2,"yes, positive after vaccination","Yes, fully vaccinated","I was required to by authorities (e.g., parents, government, employer).",,after a while,4,,,Neither agree nor disagree,Somewhat unwilling,1,8,3,5,2,6,4,7,People might not have the patience to do that ranking problem seriously ,Unknown,,
84,2024-11-06 14:05:45,2024-11-06 14:09:29,IP Address,31.10.147.207,100,223,True,2024-11-06 14:09:29.664000,R_2RalrNkiZ4bjHwt,,,,,47.3682,8.5671,anonymous,EN,Europe,,Male,28,Some College,,"Sciences (Biology, Chemistry, Physics)",,,,Rural / Countryside,Switzerland,"mRNA (e.g., Pfizer, Moderna)",No,Extremely important,"Yes, I believe they are generally safe",3,Never tested positive,"Yes, fully vaccinated",I believed the vaccine would be effective in preventing illness.,,after a while,4,,,Somewhat disagree,Somewhat willing,1,4,8,5,6,3,2,7,,Unknown,,
85,2024-11-06 14:18:21,2024-11-06 14:34:24,IP Address,194.230.144.201,100,962,True,2024-11-06 14:34:24.711000,R_8wkezdcBqyZEXm1,,,,,47.4554,8.3296,anonymous,EN,Europe,,Male,36,Master's Degree,,Engineering/Technology,,Atheists,,Suburban / Town,Switzerland,"mRNA (e.g., Pfizer, Moderna),Viral vector (e.g., AstraZeneca, Johnson & Johnson),Inactivated virus (e.g., Sinovac, Sinopharm)",No,Moderately important,It depends on the vaccine,4,"yes, positive without vaccination","No, not vaccinated",,,,,"Concerns about how quickly the vaccine was developed.,Concerns about potential side effects.,Low trust in pharmaceutical companies or government officials.,I did not feel I was at high risk of severe illness from COVID-19.,I wanted to wait for more research on long-term effects.,Doubts about the vaccine’s effectiveness.",,Strongly agree,Strongly unwilling,4,5,2,3,1,6,7,8,"Turns out everybody not taking the vaccine was right. So many dirty things leaking to the public regularly, but the msm mostly ignoring it. Never gonna have trust again in msm, governments, and pharma after the amount of discrimination and pain I endured for insisting in my human rights. Everything the said about ""us"" turned out to be wrong and every argument why one should take the shot turned out to be wrong. Can't believe so many still believe these *****.",Unknown,,
86,2024-11-06 18:05:17,2024-11-06 18:09:52,IP Address,140.207.172.246,100,274,True,2024-11-06 18:09:53.969000,R_4yfqxYKbHLnd6hd,,,,,31.2222,121.4581,anonymous,EN,Asia,,Female,24,Master's Degree,,Business/Finance,,,,Urban / City,Asia,Not sure,No,Very important,"Yes, I believe they are generally safe",2,"yes, positive after vaccination","Yes, fully vaccinated","I believed the vaccine would be effective in preventing illness.,I wanted to return to normal activities.,It was recommended by health professionals.,I wanted to be able to travel.,I was required to by authorities (e.g., parents, government, employer).",,after a while,3,,,Somewhat agree,Somewhat willing,3,1,4,5,2,6,7,8,,Unknown,,
87,2024-11-06 18:15:18,2024-11-06 18:21:35,IP Address,107.151.158.14,100,377,True,2024-11-06 18:21:36.133000,R_5IMdlbRdIWF9RLT,,,,,34.0544,-118.2441,anonymous,EN,Asia,,Male,22,Bachelor's Degree,,Engineering/Technology,,,,Suburban / Town,Asia,"Inactivated virus (e.g., Sinovac, Sinopharm)",No,Slightly important,"Yes, I believe they are generally safe",2,"yes, positive after vaccination","Yes, fully vaccinated","I believed the vaccine would be effective in preventing illness.,Most people around me were getting vaccinated.,It was recommended by health professionals.",,after a while,3,,,Neither agree nor disagree,Somewhat willing,3,5,2,4,1,6,7,8,,Unknown,,
88,2024-11-06 18:20:31,2024-11-06 18:23:50,IP Address,183.173.22.212,100,198,True,2024-11-06 18:23:50.728000,R_4QhDVlCOxgPRytX,,,,,39.911,116.395,anonymous,EN,Asia,,Female,26,PhD,,Engineering/Technology,,,,Urban / City,Asia,"Inactivated virus (e.g., Sinovac, Sinopharm)",No,Moderately important,It depends on the vaccine,2,"yes, positive after vaccination","Yes, fully vaccinated","I believed the vaccine would be effective in preventing illness.,I was required to by authorities (e.g., parents, government, employer).",,immediatly,5,,,Somewhat agree,Neither willing nor unwilling,1,7,6,2,4,3,5,8,,Unknown,,
89,2024-11-06 18:51:49,2024-11-06 18:57:29,IP Address,183.173.58.179,100,339,True,2024-11-06 18:57:30.245000,R_4Wu7FxJ0FKptFuf,,,,,39.911,116.395,anonymous,EN,Asia,,Male,18,Bachelor's Degree,,Engineering/Technology,,,,Suburban / Town,Asia,"mRNA (e.g., Pfizer, Moderna)",No,Extremely important,It depends on the vaccine,2,"yes, positive after vaccination","Yes, fully vaccinated","I believed the vaccine would be effective in preventing illness.,Most people around me were getting vaccinated.,It was recommended by health professionals.,I was required to by authorities (e.g., parents, government, employer).",,after a while,4,,,Strongly disagree,Strongly willing,7,1,5,3,4,6,2,8,none,Unknown,,
90,2024-11-07 00:39:46,2024-11-07 00:44:16,IP Address,195.176.113.3,100,270,True,2024-11-07 00:44:17.186000,R_2erV41GQPzTzowC,,,,,47.3857,8.5348,anonymous,EN,Europe,,Male,20,High School or Equivalent,,Engineering/Technology,,Christianity,,Urban / City,Switzerland,"mRNA (e.g., Pfizer, Moderna)",No,Very important,"Yes, I believe they are generally safe",2,Never tested positive,"Yes, fully vaccinated","I believed the vaccine would be effective in preventing illness.,I wanted to return to normal activities.,It was recommended by health professionals.,I wanted to be able to travel.",,immediatly,4,,,Neither agree nor disagree,Somewhat willing,4,1,2,7,6,5,3,8,,Unknown,,
91,2024-11-07 02:55:43,2024-11-07 03:07:00,IP Address,194.230.148.37,100,676,True,2024-11-07 03:07:01.691000,R_81mZMxT2dWoZuWI,,,,,47.4243,8.5318,anonymous,EN,Asia,,Female,23,Master's Degree,,Engineering/Technology,,,,Urban / City,Asia,Not sure,No,Extremely important,It depends on the vaccine,4,"yes, positive after vaccination","Yes, partially vaccinated","I was required to by authorities (e.g., parents, government, employer).",,after a while,2,,,Somewhat agree,Neither willing nor unwilling,1,6,3,7,2,5,4,8,,Unknown,,
92,2024-11-01 05:20:23,2024-11-01 05:24:35,IP Address,192.41.132.98,92,252,False,2024-11-08 04:24:36.894000,R_2EWdJd5oMa9zesc,,,,,,,anonymous,EN,Asia,,Female,50,PhD,,"Sciences (Biology, Chemistry, Physics)",,Atheists,,Urban / City,Europe(except Switzerland),"mRNA (e.g., Pfizer, Moderna)",No,Very important,"Yes, I believe they are generally safe",4,"yes, positive before vaccination","No, not vaccinated",,,,,I did not feel I was at high risk of severe illness from COVID-19.,,Somewhat disagree,Strongly willing,2,1,3,4,5,6,7,8,,Unknown,,
93,2024-11-08 10:54:24,2024-11-08 10:58:28,IP Address,84.73.192.69,100,244,True,2024-11-08 10:58:29.067000,R_2eXx3WEjiGhglz1,,,,,47.2508,8.6869,anonymous,EN,Europe,,Male,31,Master's Degree,,Engineering/Technology,,Christianity,,Suburban / Town,Switzerland,"mRNA (e.g., Pfizer, Moderna),Viral vector (e.g., AstraZeneca, Johnson & Johnson)",No,Extremely important,"Yes, I believe they are generally safe",4,"yes, positive without vaccination","No, not vaccinated",,,,,"I wanted to wait for more research on long-term effects.,Conflicting information from various sources made it hard to decide.",,Somewhat agree,Somewhat unwilling,4,7,1,5,2,6,3,8,,Unknown,,
94,2024-11-08 22:37:31,2024-11-08 22:44:46,IP Address,194.230.147.123,100,435,True,2024-11-08 22:44:47.237000,R_8qqJ41RLjNILcUo,,,,,46.9533,7.3824,anonymous,EN,Europe,,Female,30,Master's Degree,,Engineering/Technology,,Christianity,,Suburban / Town,Switzerland,"mRNA (e.g., Pfizer, Moderna)",No,Very important,I am unsure,3,"yes, positive after vaccination","Yes, fully vaccinated",I wanted to return to normal activities.,,after a while,3,,,Somewhat agree,Somewhat unwilling,1,4,6,2,3,5,8,7,,Unknown,,
95,2024-11-09 13:20:00,2024-11-09 13:26:49,IP Address,194.230.161.26,100,409,True,2024-11-09 13:26:50.272000,R_21vQJY90srHGiCl,,,,,47.4907,8.7388,anonymous,EN,Asia,,Female,41,Master's Degree,,Engineering/Technology,,Atheists,,Rural / Countryside,Switzerland,"mRNA (e.g., Pfizer, Moderna)",No,Very important,"Yes, I believe they are generally safe",3,Never tested positive,"Yes, fully vaccinated","I believed the vaccine would be effective in preventing illness.,I wanted to return to normal activities.,I wanted to be able to travel.",,after a while,3,,,Neither agree nor disagree,Strongly willing,1,6,7,4,5,3,2,8,,Unknown,,
96,2024-11-06 05:30:15,2024-11-06 05:32:00,IP Address,195.176.112.79,64,104,False,2024-11-13 05:32:03.197000,R_2yrd4c9nIoCjCh8,,,,,,,anonymous,EN,Europe,,Female,31,High School or Equivalent,,"Sciences (Biology, Chemistry, Physics)",,Christianity,,Suburban / Town,Switzerland,"mRNA (e.g., Pfizer, Moderna),Not sure",No,Very important,"Yes, I believe they are generally safe",3,Never tested positive,"Yes, fully vaccinated",,,,,,,,,,,,,,,,,,Unknown,,
97,2024-11-06 05:52:43,2024-11-06 05:55:06,IP Address,195.176.112.146,92,143,False,2024-11-13 05:55:07.047000,R_8QCkfzPiPydieaJ,,,,,,,anonymous,EN,Asia,,Male,22,Master's Degree,,Business/Finance,,Buddihism,,Urban / City,Asia,Not sure,No,Very important,"Yes, I believe they are generally safe",2,"yes, positive after vaccination","Yes, fully vaccinated","I believed the vaccine would be effective in preventing illness.,It was recommended by health professionals.,I was required to by authorities (e.g., parents, government, employer).",,immediatly,4,,,Neither agree nor disagree,Somewhat willing,2,3,4,6,5,1,7,8,,Unknown,,
98,2024-11-06 05:55:45,2024-11-06 05:57:14,IP Address,176.2.128.30,44,89,False,2024-11-13 05:57:17.825000,R_2xGiC1ELxGMbOO2,,,,,,,anonymous,EN,Asia,,Male,24,Bachelor's Degree,,"Sciences (Biology, Chemistry, Physics)",,Atheists,,Urban / City,Europe(except Switzerland),"mRNA (e.g., Pfizer, Moderna)",No,,,,,,,,,,,,,,,,,,,,,,,Unknown,,
99,2024-11-06 06:14:21,2024-11-06 06:16:00,IP Address,194.230.148.20,44,98,False,2024-11-13 06:16:01.157000,R_8Yll1oYCdUuSSQ5,,,,,,,anonymous,EN,Asia,,Female,25,Master's Degree,,Business/Finance,,Other,no,Urban / City,Asia,"mRNA (e.g., Pfizer, Moderna)",No,,,,,,,,,,,,,,,,,,,,,,,Unknown,,
100,2024-11-06 06:19:23,2024-11-06 06:21:17,IP Address,36.112.176.83,44,113,False,2024-11-13 06:21:17.949000,R_2WaqSvgeG3Pexpv,,,,,,,anonymous,EN,Asia,,Female,24,Bachelor's Degree,,Engineering/Technology,,Prefer not say,,Urban / City,Asia,"Inactivated virus (e.g., Sinovac, Sinopharm)",No,,,,,,,,,,,,,,,,,,,,,,,Unknown,,
101,2024-11-06 06:39:15,2024-11-06 06:41:39,IP Address,82.150.96.2,64,143,False,2024-11-13 06:41:40.307000,R_2oKNekcgFepnqbD,,,,,,,anonymous,EN,Asia,,Female,31,PhD,,Engineering/Technology,,Other,Irreligion,Urban / City,Switzerland,"mRNA (e.g., Pfizer, Moderna)",No,Very important,"Yes, I believe they are generally safe",2,Never tested positive,"Yes, fully vaccinated",,,,,,,,,,,,,,,,,,Unknown,,
102,2024-11-06 06:49:38,2024-11-06 06:55:22,IP Address,195.176.112.144,92,343,False,2024-11-13 06:55:29.147000,R_2XaghPsZ7dBcekj,,,,,,,anonymous,EN,Europe,,Male,23,Bachelor's Degree,,"Sciences (Biology, Chemistry, Physics)",,Atheists,,Suburban / Town,Switzerland,"mRNA (e.g., Pfizer, Moderna),Viral vector (e.g., AstraZeneca, Johnson & Johnson),Not sure",No,Very important,"Yes, I believe they are generally safe",4,Prefer not to say,"Yes, fully vaccinated","I believed the vaccine would be effective in preventing illness.,I wanted to return to normal activities.,Most people around me were getting vaccinated.,I live with or regularly interact with people in high-risk groups.,It was recommended by health professionals.,I wanted to be able to travel.,I was required to by authorities (e.g., parents, government, employer).",,immediatly,3,,,Somewhat disagree,Strongly willing,1,2,3,5,6,7,8,4,,Unknown,,
103,2024-11-06 07:21:33,2024-11-06 07:22:56,IP Address,223.104.38.146,44,82,False,2024-11-13 07:22:59.112000,R_4mWMZTMgs3u9SQb,,,,,,,anonymous,EN,Asia,,Female,24,Bachelor's Degree,,"Social Sciences (Psychology, Sociology)",,,,Urban / City,Asia,Not sure,No,,,,,,,,,,,,,,,,,,,,,,,Unknown,,
104,2024-11-06 07:30:50,2024-11-06 07:33:05,IP Address,183.172.159.36,80,135,False,2024-11-13 07:33:09.388000,R_4TyHAoIiPAkA0wE,,,,,,,anonymous,EN,Asia,,Female,21,Some College,,Arts/Humanities,,,,Urban / City,Asia,Not sure,No,Extremely important,It depends on the vaccine,3,"yes, positive after vaccination","No, not vaccinated",,,,,,,,,,,,,,,,,,Unknown,,
105,2024-11-06 07:53:45,2024-11-06 07:54:53,IP Address,46.126.19.40,44,67,False,2024-11-13 07:54:57.617000,R_2nBoJZ760TUTbcz,,,,,,,anonymous,EN,Asia,,Male,38,Master's Degree,,Engineering/Technology,,,,Urban / City,Switzerland,"mRNA (e.g., Pfizer, Moderna)",No,,,,,,,,,,,,,,,,,,,,,,,Unknown,,
106,2024-11-06 07:51:35,2024-11-06 07:56:17,IP Address,194.230.160.42,92,281,False,2024-11-13 07:56:18.085000,R_8f6xmhy07kn7rYL,,,,,,,anonymous,EN,Europe,,Male,21,Bachelor's Degree,,"Sciences (Biology, Chemistry, Physics)",,Christianity,,Suburban / Town,Switzerland,Not sure,No,Slightly important,"Yes, I believe they are generally safe",3,"yes, positive after vaccination","Yes, fully vaccinated",I wanted to return to normal activities.,,immediatly,3,,,Neither agree nor disagree,Somewhat willing,1,2,8,6,5,4,3,7,,Unknown,,
107,2024-11-06 08:21:36,2024-11-06 08:22:42,IP Address,46.126.192.135,44,66,False,2024-11-13 08:22:43.706000,R_2XjGlPcqm3C7rWk,,,,,,,anonymous,EN,Asia,,Male,24,Master's Degree,,Engineering/Technology,,,,Urban / City,Asia,"mRNA (e.g., Pfizer, Moderna)",No,,,,,,,,,,,,,,,,,,,,,,,Unknown,,
108,2024-11-06 08:41:59,2024-11-06 08:43:50,IP Address,31.164.77.161,64,111,False,2024-11-13 08:43:53.121000,R_237WCjeeUO3MTRu,,,,,,,anonymous,EN,Asia,,Female,24,Bachelor's Degree,,"Sciences (Biology, Chemistry, Physics)",,,,Urban / City,Asia,"mRNA (e.g., Pfizer, Moderna)",No,Very important,I am unsure,4,"yes, positive before vaccination","Yes, fully vaccinated",,,,,,,,,,,,,,,,,,Unknown,,
109,2024-11-06 09:25:38,2024-11-06 09:28:17,IP Address,139.162.58.152,64,158,False,2024-11-13 09:28:18.025000,R_4mn1Qpbj8NyCqgr,,,,,,,anonymous,EN,Asia,,Female,24,Bachelor's Degree,,Business/Finance,,,,Urban / City,Asia,"Inactivated virus (e.g., Sinovac, Sinopharm)",No,Moderately important,It depends on the vaccine,3,"yes, positive after vaccination","Yes, fully vaccinated",,,,,,,,,,,,,,,,,,Unknown,,
110,2024-11-06 11:20:58,2024-11-06 11:22:52,IP Address,101.5.176.154,44,113,False,2024-11-13 11:22:57.858000,R_4p3BLMWWqXBYo2L,,,,,,,anonymous,EN,Other,,Male,24,Master's Degree,,Engineering/Technology,,,,Rural / Countryside,Asia,Not sure,No,,,,,,,,,,,,,,,,,,,,,,,Unknown,,
111,2024-11-06 15:46:57,2024-11-06 15:51:39,IP Address,62.12.131.38,92,281,False,2024-11-13 15:51:43.192000,R_85WstA62CcIefmd,,,,,,,anonymous,EN,Asia,,Male,24,Bachelor's Degree,,"Social Sciences (Psychology, Sociology)",,Buddihism,,Urban / City,Asia,No available vaccine,Yes,Moderately important,I am unsure,5,"yes, positive without vaccination","No, not vaccinated",,,,,"Concerns about potential side effects.,Conflicting information from various sources made it hard to decide.,Doubts about the vaccine’s effectiveness.",,Somewhat agree,Strongly unwilling,1,6,3,2,4,5,7,8,,Unknown,,
112,2024-11-13 21:35:17,2024-11-13 21:40:47,IP Address,178.197.215.201,100,330,True,2024-11-13 21:40:48.436000,R_82yilL6VxKPRi7x,,,,,47.5592,8.8959,anonymous,EN,Asia,,Female,50,PhD,,"Sciences (Biology, Chemistry, Physics)",,Atheists,,Urban / City,Switzerland,"mRNA (e.g., Pfizer, Moderna)",No,Extremely important,"Yes, I believe they are generally safe",4,"yes, positive after vaccination","Yes, fully vaccinated","I believed the vaccine would be effective in preventing illness.,I am in a high-risk group.",,immediatly,5,,,Somewhat disagree,Strongly willing,1,5,6,2,7,4,3,8,,Unknown,,
113,2024-11-08 06:42:37,2024-11-08 06:44:08,IP Address,16.63.149.178,64,91,False,2024-11-15 06:44:12.879000,R_21Mcdbs4y40pwdw,,,,,,,anonymous,EN,Asia,,Female,21,Bachelor's Degree,,Other,Law,,,Urban / City,Asia,"mRNA (e.g., Pfizer, Moderna)",No,Moderately important,It depends on the vaccine,3,Never tested positive,"No, not vaccinated",,,,,,,,,,,,,,,,,,Unknown,,
114,2024-11-15 12:43:27,2024-11-15 12:49:58,IP Address,85.2.109.20,100,391,True,2024-11-15 12:49:59.554000,R_8kqx2jTQbUbf1PX,,,,,47.3823,8.5397,anonymous,EN,Europe,,Male,54,PhD,,"Sciences (Biology, Chemistry, Physics)",,Christianity,,Suburban / Town,Switzerland,"mRNA (e.g., Pfizer, Moderna),Viral vector (e.g., AstraZeneca, Johnson & Johnson)",No,Very important,"Yes, I believe they are generally safe",3,"yes, positive after vaccination","Yes, fully vaccinated","I believed the vaccine would be effective in preventing illness.,I live with or regularly interact with people in high-risk groups.,It was recommended by health professionals.",,immediatly,4,,,Somewhat agree,Somewhat willing,1,3,5,2,4,6,7,8,,Unknown,,
115,2024-11-18 10:30:28,2024-11-18 10:36:47,IP Address,178.197.219.87,100,378,True,2024-11-18 10:36:47.740000,R_8RjSQTvSZ88xwPp,,,,,47.3857,8.5348,anonymous,EN,South America,,Female,39,Master's Degree,,Engineering/Technology,,,,Urban / City,Switzerland,"mRNA (e.g., Pfizer, Moderna)",No,Very important,Definitely yes,4,"yes, positive after vaccination","Yes, fully vaccinated","I wanted to be able to travel.,I was required to by authorities (e.g., parents, government, employer).,other",Preventing to have serious consequences when getting the ilness,immediatly,3,,,Strongly disagree,Strongly willing,2,3,6,4,7,1,5,8,,Unknown,,
116,2024-11-18 11:13:53,2024-11-18 11:18:06,IP Address,31.10.146.200,100,252,True,2024-11-18 11:18:07.088000,R_8uf0LIN6Th5ZENb,,,,,47.4095,8.5514,anonymous,EN,Europe,,Male,40,Master's Degree,,"Sciences (Biology, Chemistry, Physics)",,,,Urban / City,Switzerland,"mRNA (e.g., Pfizer, Moderna),Viral vector (e.g., AstraZeneca, Johnson & Johnson),Inactivated virus (e.g., Sinovac, Sinopharm)",Yes,Moderately important,It depends on the vaccine,2,"yes, positive without vaccination","No, not vaccinated",,,,,"Concerns about how quickly the vaccine was developed.,Concerns about potential side effects.,I wanted to wait for more research on long-term effects.",,Strongly agree,Neither willing nor unwilling,2,3,5,4,1,6,7,8,,Unknown,,
117,2024-11-18 12:48:45,2024-11-18 13:04:44,IP Address,178.197.203.69,100,958,True,2024-11-18 13:04:46.637000,R_8tcanPhg8rM7WCn,,,,,46.9948,7.4514,anonymous,EN,Europe,,Male,37,Master's Degree,,Engineering/Technology,,Christianity,,Suburban / Town,Switzerland,"mRNA (e.g., Pfizer, Moderna)",No,Very important,It depends on the vaccine,5,Never tested positive,"No, not vaccinated",,,,,"Concerns about how quickly the vaccine was developed.,Concerns about potential side effects.,I did not feel I was at high risk of severe illness from COVID-19.,I wanted to wait for more research on long-term effects.",,Strongly agree,Strongly unwilling,3,4,7,1,2,6,5,8,,Unknown,,
118,2024-11-18 14:56:52,2024-11-18 15:00:39,IP Address,85.6.194.39,100,226,True,2024-11-18 15:00:40.503000,R_2b1oBc77IWaAlhe,,,,,47.3682,8.5671,anonymous,EN,Europe,,Male,33,Master's Degree,,Engineering/Technology,,Christianity,,Urban / City,Switzerland,"mRNA (e.g., Pfizer, Moderna)",Yes,Extremely important,"Yes, I believe they are generally safe",5,"yes, positive after vaccination","Yes, fully vaccinated","I believed the vaccine would be effective in preventing illness.,I wanted to return to normal activities.,It was recommended by health professionals.",,after a while,1,,,Strongly agree,Somewhat willing,1,4,7,2,5,6,3,8,,Unknown,,
119,2024-11-09 08:41:25,2024-11-12 03:02:39,IP Address,194.230.148.188,80,238873,False,2024-11-19 03:02:41.257000,R_8PUjrxND885JeHt,,,,,,,anonymous,EN,Asia,,Female,24,Master's Degree,,Business/Finance,,,,Urban / City,Europe(except Switzerland),"mRNA (e.g., Pfizer, Moderna)",No,Moderately important,It depends on the vaccine,2,"yes, positive after vaccination","Yes, fully vaccinated","I was required to by authorities (e.g., parents, government, employer).",,after a while,3,,,,,,,,,,,,,,Unknown,,
120,2024-11-20 10:49:09,2024-11-20 10:51:21,IP Address,83.78.24.63,100,132,True,2024-11-20 10:51:22.415000,R_22oe7gVzG5clOhP,,,,,47.3604,8.5388,anonymous,EN,South America,,Female,21,Bachelor's Degree,,"Sciences (Biology, Chemistry, Physics)",,,,Suburban / Town,Switzerland,"mRNA (e.g., Pfizer, Moderna),Viral vector (e.g., AstraZeneca, Johnson & Johnson),Inactivated virus (e.g., Sinovac, Sinopharm)",No,Slightly important,It depends on the vaccine,1,Never tested positive,"No, not vaccinated",,,,,"Concerns about how quickly the vaccine was developed.,Concerns about potential side effects.,Low trust in pharmaceutical companies or government officials.,I did not feel I was at high risk of severe illness from COVID-19.,I wanted to wait for more research on long-term effects.,Doubts about the vaccine’s effectiveness.",,Strongly agree,Strongly unwilling,3,4,5,2,1,6,7,8,,Unknown,,
121,2024-11-20 10:48:31,2024-11-20 10:51:30,IP Address,195.176.112.148,100,178,True,2024-11-20 10:51:30.477000,R_2CZXtqe4RvoC4lv,,,,,47.3976,8.5442,anonymous,EN,Asia,,Female,22,Master's Degree,,Engineering/Technology,,,,Suburban / Town,Switzerland,"mRNA (e.g., Pfizer, Moderna),Not sure",No,Extremely important,It depends on the vaccine,2,Never tested positive,"Yes, fully vaccinated","I wanted to return to normal activities.,I wanted to be able to travel.",,after a while,1,,,Strongly agree,Strongly unwilling,2,4,5,1,3,6,8,7,,Unknown,,
122,2024-11-20 11:17:14,2024-11-20 11:22:13,IP Address,212.23.215.193,100,298,True,2024-11-20 11:22:14.385000,R_2IioQN03dJPCKPD,,,,,50.0971,8.5952,anonymous,EN,Europe,,Male,25,Master's Degree,,Engineering/Technology,,Atheists,,Suburban / Town,Europe(except Switzerland),"mRNA (e.g., Pfizer, Moderna),Viral vector (e.g., AstraZeneca, Johnson & Johnson)",No,Very important,It depends on the vaccine,2,"yes, positive after vaccination","Yes, fully vaccinated","I wanted to return to normal activities.,Most people around me were getting vaccinated.,I live with or regularly interact with people in high-risk groups.,I wanted to be able to travel.",,after a while,3,,,Somewhat agree,Somewhat unwilling,2,4,5,3,1,8,7,6,,Unknown,,
123,2024-11-20 11:20:28,2024-11-20 11:22:53,IP Address,195.176.112.163,100,144,True,2024-11-20 11:22:53.652000,R_2ETjEsDFDoewv5r,,,,,47.3976,8.5442,anonymous,EN,Asia,,Male,23,Master's Degree,,Engineering/Technology,,,,Urban / City,Asia,"mRNA (e.g., Pfizer, Moderna),Inactivated virus (e.g., Sinovac, Sinopharm)",No,Very important,It depends on the vaccine,3,"yes, positive without vaccination","Yes, fully vaccinated","I believed the vaccine would be effective in preventing illness.,I wanted to be able to travel.",,immediatly,5,,,Somewhat agree,Neither willing nor unwilling,1,2,3,4,7,5,6,8,,Unknown,,
124,2024-11-20 11:20:54,2024-11-20 11:25:28,IP Address,98.97.143.98,100,273,True,2024-11-20 11:25:28.742000,R_17CCBtJQSTn4up4,,,,,34.0544,-118.2441,anonymous,EN,Europe,,Male,29,Master's Degree,,Engineering/Technology,,Buddihism,,Urban / City,Switzerland,"mRNA (e.g., Pfizer, Moderna),Viral vector (e.g., AstraZeneca, Johnson & Johnson)",Yes,Extremely important,Definitely yes,4,Never tested positive,"Yes, fully vaccinated","I believed the vaccine would be effective in preventing illness.,I am in a high-risk group.",,immediatly,4,,,Strongly disagree,Strongly willing,1,3,2,7,4,5,6,8,,Unknown,,
125,2024-11-20 11:34:33,2024-11-20 11:39:33,IP Address,109.40.179.36,100,300,True,2024-11-20 11:39:33.734000,R_8QRIr42PdPotl4l,,,,,51.2993,9.491,anonymous,EN,Europe,,Female,24,Master's Degree,,"Sciences (Biology, Chemistry, Physics)",,,,Urban / City,Europe(except Switzerland),"mRNA (e.g., Pfizer, Moderna),Viral vector (e.g., AstraZeneca, Johnson & Johnson)",No,Very important,"Yes, I believe they are generally safe",5,"yes, positive before vaccination","Yes, fully vaccinated","I believed the vaccine would be effective in preventing illness.,I wanted to return to normal activities.,Most people around me were getting vaccinated.,It was recommended by health professionals.,I wanted to be able to travel.",,after a while,4,,,Somewhat disagree,Somewhat willing,2,4,8,3,1,6,5,7,,Unknown,,
126,2024-11-20 12:34:36,2024-11-20 12:37:08,IP Address,68.65.164.9,100,151,True,2024-11-20 12:37:08.692000,R_7Z6KFHn7HCz8mw9,,,,,37.413,-122.1748,anonymous,EN,Europe,,Male,25,Master's Degree,,Engineering/Technology,,,,Suburban / Town,Europe(except Switzerland),"mRNA (e.g., Pfizer, Moderna)",No,Extremely important,"Yes, I believe they are generally safe",5,Never tested positive,"Yes, fully vaccinated","I believed the vaccine would be effective in preventing illness.,I wanted to return to normal activities.,It was recommended by health professionals.,I wanted to be able to travel.,I was required to by authorities (e.g., parents, government, employer).",,immediatly,5,,,Somewhat agree,Strongly willing,2,8,7,3,4,5,1,6,,Unknown,,
127,2024-11-20 13:22:52,2024-11-20 13:26:00,IP Address,77.53.56.64,100,187,True,2024-11-20 13:26:00.636000,R_2uPyDDvTiKztG9Z,,,,,59.3247,18.056,anonymous,EN,Europe,,Male,24,Master's Degree,,Engineering/Technology,,Christianity,,Suburban / Town,Europe(except Switzerland),"mRNA (e.g., Pfizer, Moderna)",No,Extremely important,"Yes, I believe they are generally safe",3,"yes, positive before vaccination","Yes, fully vaccinated","I believed the vaccine would be effective in preventing illness.,I wanted to return to normal activities.",,immediatly,4,,,Somewhat disagree,Strongly willing,1,3,4,5,6,2,7,8,,Unknown,,
128,2024-11-20 13:35:27,2024-11-20 13:45:19,IP Address,31.10.148.147,100,591,True,2024-11-20 13:45:19.936000,R_2oF4ZJBEkm35Vln,,,,,47.3861,8.6926,anonymous,EN,Europe,,Male,24,Master's Degree,,"Sciences (Biology, Chemistry, Physics)",,Christianity,,Urban / City,Europe(except Switzerland),"mRNA (e.g., Pfizer, Moderna),Viral vector (e.g., AstraZeneca, Johnson & Johnson)",No,Very important,"Yes, I believe they are generally safe",1,"yes, positive without vaccination","No, not vaccinated",,,,,"Concerns about how quickly the vaccine was developed.,Concerns about potential side effects.,Low trust in pharmaceutical companies or government officials.,I did not feel I was at high risk of severe illness from COVID-19.,Doubts about the vaccine’s effectiveness.",,Strongly agree,Strongly unwilling,4,8,1,3,2,7,5,6,"I think the question about whether the person has ever contracted the virus is not well designed. First, I think it should have the option for multiple answers, because I have several relatives who contracted the virus both prior and post vaccination. Second, I think the option for never contracted the virus should be made analagous to the one for contracted the virus. I mean that there should be again two options (just like contracted), one for never contracted + vaccinated and one for never contracted + non-vaccinated.",Unknown,,
129,2024-11-20 14:34:31,2024-11-20 14:37:13,IP Address,178.114.94.225,100,161,True,2024-11-20 14:37:14.048000,R_2dogrOxBX0VZBRM,,,,,47.0267,15.5308,anonymous,EN,Europe,,Female,23,Master's Degree,,Engineering/Technology,,Christianity,,Suburban / Town,Europe(except Switzerland),"mRNA (e.g., Pfizer, Moderna)",No,Extremely important,"Yes, I believe they are generally safe",4,"yes, positive after vaccination","Yes, fully vaccinated","I believed the vaccine would be effective in preventing illness.,I wanted to return to normal activities.,Most people around me were getting vaccinated.,I live with or regularly interact with people in high-risk groups.,It was recommended by health professionals.,I wanted to be able to travel.,I was required to by authorities (e.g., parents, government, employer).",,immediatly,3,,,Somewhat disagree,Strongly willing,2,1,5,3,6,4,7,8,,Unknown,,
130,2024-11-20 14:36:31,2024-11-20 14:41:14,IP Address,31.10.157.22,100,283,True,2024-11-20 14:41:15.256000,R_2IQxaqMCKNcrhPw,,,,,47.3682,8.5671,anonymous,EN,Europe,,Male,26,Master's Degree,,"Sciences (Biology, Chemistry, Physics)",,Christianity,,Suburban / Town,Switzerland,"mRNA (e.g., Pfizer, Moderna),Viral vector (e.g., AstraZeneca, Johnson & Johnson)",Yes,Very important,"Yes, I believe they are generally safe",4,"yes, positive before vaccination","Yes, fully vaccinated","I wanted to return to normal activities.,Most people around me were getting vaccinated.,I wanted to be able to travel.",,immediatly,3,,,Somewhat agree,Somewhat willing,1,3,6,7,2,4,5,8,,Unknown,,
131,2024-11-20 14:57:59,2024-11-20 15:01:30,IP Address,194.191.248.57,100,210,True,2024-11-20 15:01:33.910000,R_8IzAoVS1yLuOS1b,,,,,47.1685,8.5035,anonymous,EN,Europe,,Female,29,PhD,,"Sciences (Biology, Chemistry, Physics)",,,,Rural / Countryside,Europe(except Switzerland),"mRNA (e.g., Pfizer, Moderna),Viral vector (e.g., AstraZeneca, Johnson & Johnson)",Yes,Extremely important,"Yes, I believe they are generally safe",4,Never tested positive,"Yes, fully vaccinated","I believed the vaccine would be effective in preventing illness.,I wanted to return to normal activities.",,immediatly,4,,,Somewhat disagree,Strongly willing,1,5,6,2,3,7,4,8,,Unknown,,
132,2024-11-20 10:57:54,2024-11-21 01:45:36,IP Address,195.176.112.105,100,53262,True,2024-11-21 01:45:37.416000,R_2HGHTpxx47IhkkU,,,,,47.3976,8.5442,anonymous,EN,Europe,,Female,21,Master's Degree,,"Sciences (Biology, Chemistry, Physics)",,Christianity,,Suburban / Town,Switzerland,"mRNA (e.g., Pfizer, Moderna)",No,Very important,"Yes, I believe they are generally safe",2,Never tested positive,"Yes, fully vaccinated","I live with or regularly interact with people in high-risk groups.,I wanted to be able to travel.",,after a while,4,,,Neither agree nor disagree,Somewhat unwilling,2,8,5,3,4,6,7,1,,Unknown,,
133,2024-11-21 16:48:37,2024-11-21 16:51:09,IP Address,213.55.242.46,100,151,True,2024-11-21 16:51:09.803000,R_2mkHij1LMWjZ8cb,,,,,47.3857,8.5348,anonymous,EN,North America,,Female,24,Master's Degree,,"Social Sciences (Psychology, Sociology)",,Islam,,Urban / City,North America,"mRNA (e.g., Pfizer, Moderna)",No,Extremely important,"Yes, I believe they are generally safe",2,"yes, positive after vaccination","Yes, fully vaccinated","I believed the vaccine would be effective in preventing illness.,Most people around me were getting vaccinated.,It was recommended by health professionals.,I was required to by authorities (e.g., parents, government, employer).",,after a while,5,,,Somewhat agree,Somewhat willing,2,5,4,1,3,6,7,8,,Unknown,,
134,2024-11-22 11:19:17,2024-11-22 11:22:51,IP Address,178.197.219.0,100,214,True,2024-11-22 11:22:52.471000,R_8cvgM7u0vYlO6R7,,,,,47.3804,8.5412,anonymous,EN,Europe,,Male,31,Master's Degree,,Engineering/Technology,,Christianity,,Rural / Countryside,Switzerland,"mRNA (e.g., Pfizer, Moderna),Viral vector (e.g., AstraZeneca, Johnson & Johnson)",No,Extremely important,Definitely yes,4,"yes, positive before vaccination","Yes, fully vaccinated","I believed the vaccine would be effective in preventing illness.,I wanted to return to normal activities.",,immediatly,5,,,Somewhat disagree,Strongly willing,1,2,7,3,8,6,4,5,nice,Unknown,,
